"province","death_source_id","death_source_short","death_source_full"
"Alberta",1,"AB1","https://www.stalberttoday.ca/local-news/alberta-man-dies-from-covid-19-2182148"
"Alberta",2,"AB2","https://edmonton.ctvnews.ca/alberta-confirms-57-new-covid-19-cases-second-death-1.4866241"
"Alberta",3,"AB3","https://globalnews.ca/news/6748831/alberta-third-death-covid-19-march-29/"
"Alberta",4,"AB4","https://www.youtube.com/watch?v=D3JrTeAE3WE"
"Alberta",5,"AB5","https://www.alberta.ca/coronavirus-info-for-albertans.aspx"
"Alberta",6,"AB6","https://www.youtube.com/watch?v=EvHoOs8cdRc"
"Alberta",7,"AB7","https://www.alberta.ca/news.aspx"
"Alberta",8,"AB8","https://www.alberta.ca/covid-19-alberta-data.aspx"
"Alberta",9,"AB9","https://covid19stats.alberta.ca/"
"Alberta",10,"AB10","https://www.alberta.ca/release.cfm?xID=70129019F3C45-CD0A-F227-81CCA4A2F4A568E2"
"Alberta",11,"AB11","https://www.youtube.com/watch?v=UP33KJFQd3I"
"Alberta",12,"AB12","https://www.alberta.ca/stats/covid-19-alberta-statistics.htm"
"Alberta",13,"AB13","https://calgaryherald.com/news/local-news/one-new-death-brings-covid-19-death-toll-to-155-in-alberta"
"Alberta",14,"AB14","https://globalnews.ca/news/7227463/alberta-records-80-new-cases-of-covid-19-tuesday-2-additional-deaths/"
"Alberta",15,"AB15","https://www.cbc.ca/news/canada/edmonton/alberta-covid-19-coronavirus-deena-hinshaw-jason-kenney-1.5657456"
"Alberta",16,"AB16","cbc.ca/news/canada/edmonton/alberta-records-two-more-deaths-and-111-new-cases-of-covid-19-1.5662619"
"Alberta",17,"AB17","https://www.cbc.ca/news/canada/edmonton/alberta-covid-19-deena-hinshaw-chief-medical-officer-health-1.5664476"
"Alberta",18,"AB18","https://globalnews.ca/news/7232096/alberta-covid-19-update-july-29/"
"Alberta",19,"AB19","https://www.cbc.ca/news/canada/edmonton/alberta-deena-hinshaw-covid-19-coronavirus-1.5668994"
"Alberta",20,"AB20","https://globalnews.ca/news/7241829/alberta-covid-19-127-new-cases-1-death-july-31/"
"Alberta",21,"AB21","https://www.cbc.ca/news/canada/edmonton/alberta-covid-19-coronavirus-1.5675672"
"Alberta",22,"AB22","https://globalnews.ca/news/7258406/alberta-covid-19-coronavirus-update-augst-7/"
"Alberta",23,"AB23","https://www.cbc.ca/news/canada/edmonton/alberta-covid-19-coronavirus-coronavirus-deena-hinshaw-1.5680756"
"Alberta",24,"AB24","https://lethbridgenewsnow.com/2020/08/10/alberta-health-reports-two-covid-19-deaths-in-south-zone-this-weekend/"
"Alberta",25,"AB25","https://globalnews.ca/news/7273484/coronavirus-covid-19-alberta-health-update-august-13/"
"Alberta",26,"AB26","https://edmonton.ctvnews.ca/alberta-adds-84-new-covid-19-cases-1-more-death-on-friday-1.5065013"
"Alberta",27,"AB27","https://calgaryherald.com/news/local-news/covid-19-update-153-new-cases-one-new-death-another-unit-under-outbreak-at-foothills-school-districts-scramble-for-subs"
"Alberta",28,"AB28","https://www.cbc.ca/news/canada/edmonton/alberta-covid-19-coronavirus-1.5771863"
"Alberta",29,"AB29","https://edmonton.ctvnews.ca/alberta-reaches-300-covid-19-deaths-as-cases-continue-to-set-records-1.5158623"
"Alberta",30,"AB30","https://www.cbc.ca/news/canada/edmonton/alberta-covid-coronavirus-1.5789987"
"Alberta",31,"AB31","https://www.youtube.com/watch?v=w8g7ZqKyFUE&ab_channel=YourAlberta"
"Alberta",32,"AB32","https://www.cbc.ca/news/canada/edmonton/alberta-covid-19-coronavirus-deena-hinshaw-1.5795261"
"Alberta",33,"AB33","https://edmonton.ctvnews.ca/alberta-reports-672-new-cases-7-deaths-sets-hospitalization-record-for-6th-straight-day-1.5185017"
"Alberta",34,"AB34","https://calgary.ctvnews.ca/6-deaths-reported-in-calgary-zone-in-alberta-s-latest-covid-19-update-1.5186759"
"Alberta",35,"AB35","https://www.cbc.ca/news/canada/edmonton/alberta-records-907-new-cases-of-covid-19-along-with-5-additional-deaths-1.5801620"
"Alberta",36,"AB36","https://globalnews.ca/news/7465549/alberta-health-covid-19-november-16/"
"Alberta",37,"AB37","https://www.cbc.ca/news/canada/edmonton/deena-hinshaw-alberta-covid-19-coronavirus-1.5806635"
"Alberta",38,"AB38","https://www.cbc.ca/news/canada/edmonton/alberta-covid-19-coronavirus-record-1.5808922"
"Alberta",39,"AB39","https://www.cbc.ca/news/canada/edmonton/alberta-reports-a-record-1-155-new-cases-of-covid-19-friday-1.5809836"
"Alberta",40,"AB40","https://www.cbc.ca/news/canada/edmonton/alberta-covid-19-coronavirus-hinshaw-ndp-notley-1.5812610"
"Alberta",41,"AB41","https://www.cbc.ca/news/canada/edmonton/deena-hinshaw-alberta-covid-19-coronavirus-1.5815883"
"Alberta",122,"AB122","https://edmonton.ctvnews.ca/alberta-reports-1-609-more-covid-19-cases-bringing-weekend-total-to-3-340-1.5209493"
"Alberta",123,"AB123","https://www.cbc.ca/news/canada/edmonton/deena-hinshaw-alberta-covid-19-coronavirus-1.5822070"
"Alberta",144,"AB144","https://edmonton.ctvnews.ca/alberta-adds-record-1-887-new-cases-cmoh-says-province-has-only-achieved-a-plateau-1.5230707"
"Alberta",145,"AB145","https://edmonton.ctvnews.ca/alberta-adds-record-1-887-new-cases-cmoh-says-province-has-only-achieved-a-plateau-1.5230708"
"Alberta",146,"AB146","https://edmonton.ctvnews.ca/alberta-adds-record-1-887-new-cases-cmoh-says-province-has-only-achieved-a-plateau-1.5230709"
"Alberta",147,"AB147","https://edmonton.ctvnews.ca/alberta-adds-record-1-887-new-cases-cmoh-says-province-has-only-achieved-a-plateau-1.5230710"
"Alberta",148,"AB148","https://edmonton.ctvnews.ca/alberta-adds-record-1-887-new-cases-cmoh-says-province-has-only-achieved-a-plateau-1.5230711"
"Alberta",149,"AB149","https://edmonton.ctvnews.ca/alberta-adds-record-1-887-new-cases-cmoh-says-province-has-only-achieved-a-plateau-1.5230712"
"Alberta",150,"AB150","https://edmonton.ctvnews.ca/alberta-adds-record-1-887-new-cases-cmoh-says-province-has-only-achieved-a-plateau-1.5230713"
"Alberta",151,"AB151","https://edmonton.ctvnews.ca/alberta-adds-record-1-887-new-cases-cmoh-says-province-has-only-achieved-a-plateau-1.5230714"
"Alberta",152,"AB152","https://edmonton.ctvnews.ca/alberta-adds-record-1-887-new-cases-cmoh-says-province-has-only-achieved-a-plateau-1.5230715"
"Alberta",153,"AB153","https://edmonton.ctvnews.ca/alberta-adds-record-1-887-new-cases-cmoh-says-province-has-only-achieved-a-plateau-1.5230716"
"Alberta",154,"AB154","https://edmonton.ctvnews.ca/alberta-adds-record-1-887-new-cases-cmoh-says-province-has-only-achieved-a-plateau-1.5230717"
"Alberta",155,"AB155","https://edmonton.ctvnews.ca/alberta-adds-record-1-887-new-cases-cmoh-says-province-has-only-achieved-a-plateau-1.5230718"
"Alberta",156,"AB156","https://edmonton.ctvnews.ca/alberta-adds-record-1-887-new-cases-cmoh-says-province-has-only-achieved-a-plateau-1.5230719"
"Alberta",157,"AB157","https://edmonton.ctvnews.ca/alberta-adds-record-1-887-new-cases-cmoh-says-province-has-only-achieved-a-plateau-1.5230720"
"Alberta",208,"AB208","https://globalnews.ca/news/7573849/hinshaw-alberta-health-covid-19-january-13/"
"Alberta",241,"AB241","https://www.alberta.ca/covid-19-alberta-data.aspx#jumplinks-0"
"BC",1,"BC1","https://news.gov.bc.ca/releases/2020HLTH0068-000423"
"BC",2,"BC2","https://news.gov.bc.ca/releases/2020HLTH0086-000499"
"BC",3,"BC3","https://vancouverisland.ctvnews.ca/b-c-declares-public-health-emergency-with-12-cases-of-covid-19-on-vancouver-island-1.4857080"
"BC",4,"BC4","https://vancouverisland.ctvnews.ca/b-c-announces-40-new-cases-of-covid-19-1-new-death-1.4860444"
"BC",5,"BC5","https://globalnews.ca/news/6709493/bc-coronavirus-update-friday-march-20/"
"BC",6,"BC6","https://news.gov.bc.ca/releases/2020HLTH0102-000540"
"BC",7,"BC7","https://globalnews.ca/news/6717945/coronavirus-health-update-march-23/"
"BC",8,"BC8","https://www.cbc.ca/news/canada/british-columbia/covid-19-update-bc-mar-25-1.5510148"
"BC",9,"BC9","https://news.gov.bc.ca/releases/2020HLTH0113-000581"
"BC",10,"BC10","https://www.cbc.ca/news/canada/british-columbia/bc-covid-19-update-saturday-1.5513615"
"BC",11,"BC11","https://www.youtube.com/watch?v=66DKLWSDIyI"
"BC",12,"BC12","https://www.youtube.com/watch?v=Bp-7-UBewno"
"BC",13,"BC13","http://www.bccdc.ca/health-info/diseases-conditions/covid-19"
"BC",14,"BC14","https://www.youtube.com/watch?v=bxuwCHj0lyc"
"BC",15,"BC15","https://www.youtube.com/watch?v=FAyl9qc1B-Q"
"BC",16,"BC16","https://www.youtube.com/watch?v=r00WaROLPGE"
"BC",17,"BC17","http://www.bccdc.ca/health-info/diseases-conditions/covid-19/case-counts-press-statements"
"BC",18,"BC18","http://www.bccdc.ca/Health-Info-Site/Documents/BC_Surveillance_Summary_April_7.pdf"
"BC",19,"BC19","https://www.youtube.com/watch?v=heeagju1-CM"
"BC",20,"BC20","https://www.youtube.com/watch?v=1qm01QWFv6Y"
"BC",21,"BC21","https://news.gov.bc.ca/releases/2020HLTH0019-000677"
"BC",22,"BC22","https://www.youtube.com/watch?v=Go2tYdTFFhw"
"BC",23,"BC23","https://bc.ctvnews.ca/health-officials-announce-11-more-deaths-45-more-positive-cases-of-covid-19-in-b-c-1.4893775#_gus&_gucid=&_gup=twitter&_gsc=0mmKsgR"
"BC",24,"BC24","https://globalnews.ca/news/6817494/bc-coronavirus-update-april-14/"
"BC",25,"BC25","https://www.youtube.com/watch?v=VBsYBYB4mY4"
"BC",26,"BC26","https://experience.arcgis.com/experience/a6f23959a8b14bfa989e3cda29297ded"
"BC",27,"BC27","http://www.bccdc.ca/health-info/diseases-conditions/covid-19/data"
"BC",28,"BC28","https://www.youtube.com/watch?v=L29LgR0q2oE"
"BC",29,"BC29","https://vancouverisland.ctvnews.ca/b-c-health-officials-announce-1-more-covid-19-death-25-new-cases-1.4905637"
"BC",30,"BC30","https://www.youtube.com/watch?v=81DJSzlFnvE"
"BC",31,"BC31","https://www.youtube.com/watch?v=JHblwo1Yoow"
"BC",32,"BC32","https://vancouverisland.ctvnews.ca/95-new-cases-of-covid-19-in-b-c-as-death-toll-hits-100-1.4911910"
"BC",33,"BC33","https://www.youtube.com/watch?v=GBY8HInNITM"
"BC",34,"BC34","https://www.youtube.com/watch?v=H_MdykTbKT0"
"BC",35,"BC35","https://www.youtube.com/watch?v=svDGMfWG23Q"
"BC",36,"BC36","https://www.youtube.com/watch?v=4t3chhgf-3M"
"BC",37,"BC37","https://bc.ctvnews.ca/b-c-reports-one-more-covid-19-death-33-new-cases-1.4920682"
"BC",38,"BC38","https://www.youtube.com/watch?v=IQBuOJ7l_xE"
"BC",39,"BC39","https://www.youtube.com/watch?v=ChN-Knaz888"
"BC",40,"BC40","https://bc.ctvnews.ca/b-c-announces-23-new-cases-3-more-deaths-from-covid-19-1.4927281#_gus&_gucid=&_gup=twitter&_gsc=eNHcYE"
"BC",41,"BC41","https://www.youtube.com/watch?v=VA49Zz5kKWk"
"BC",42,"BC42","https://bc.ctvnews.ca/b-c-records-29-new-cases-one-more-death-from-covid-19-1.4931061"
"BC",43,"BC43","https://globalnews.ca/news/6925263/bc-coronavirus-update-may-9/"
"BC",44,"BC44","https://www.youtube.com/watch?v=zaH2r8UTqd8"
"BC",45,"BC45","https://www.youtube.com/watch?v=Kvr-lQtFko8"
"BC",46,"BC46","https://www.youtube.com/watch?v=IeW0IgBZLYI"
"BC",47,"BC47","https://www.youtube.com/watch?v=ziGtCWgIE9g"
"BC",48,"BC48","https://biv.com/article/2020/05/bc-deaths-now-total-141-new-infections-fraser-health-authority"
"BC",49,"BC49","https://www.youtube.com/watch?v=vrFWH3b8Fbo"
"BC",50,"BC50","https://www.youtube.com/watch?v=upaY5WlzBz8"
"BC",51,"BC51","https://www.youtube.com/watch?v=tcxPxcRC-sc"
"BC",52,"BC52","https://www.youtube.com/watch?v=KGjgYFRd36I"
"BC",53,"BC53","https://vancouverisland.ctvnews.ca/b-c-announces-1-more-covid-19-death-9-new-cases-1.4956944"
"BC",54,"BC54","https://www.youtube.com/watch?v=7Rm9vPyfaeg"
"BC",55,"BC55","https://www.youtube.com/watch?v=PzC4GTRwUwI"
"BC",56,"BC56","https://vancouversun.com/news/local-news/covid-19-here-are-all-the-b-c-cases-of-the-novel-coronavirus"
"BC",57,"BC57","https://vancouverisland.ctvnews.ca/b-c-reports-16-new-covid-19-cases-1-more-death-1.4981687"
"BC",58,"BC58","https://www.youtube.com/watch?v=yNIgr-eM2wU"
"BC",59,"BC59","https://vancouverisland.ctvnews.ca/14-new-cases-of-covid-19-1-more-death-as-b-c-enters-phase-3-1.4998023"
"BC",60,"BC60","https://www.youtube.com/watch?v=0DhglGwk3Ko"
"BC",61,"BC61","https://vancouverisland.ctvnews.ca/b-c-announces-10-new-cases-of-covid-19-1-more-death-1.5001552"
"BC",62,"BC62","https://www.youtube.com/watch?v=4oB0zmtqA0s"
"BC",63,"BC63","https://www.youtube.com/watch?v=aGabSXHQK38"
"BC",64,"BC64","https://www.cbc.ca/news/canada/british-columbia/3-more-deaths-from-covid-19-recorded-in-b-c-as-cases-top-3-000-1.5642707"
"BC",65,"BC65","https://vancouverisland.ctvnews.ca/b-c-reports-25-new-covid-19-cases-1-more-death-1.5019355"
"BC",66,"BC66","https://globalnews.ca/news/7172302/bc-coronavirus-update-july-13/"
"BC",67,"BC67","https://www.youtube.com/watch?v=MTPhmha5KXM"
"BC",68,"BC68","https://www.youtube.com/watch?v=vPHVQu6eePg"
"BC",69,"BC69","https://vancouverisland.ctvnews.ca/b-c-announces-1-more-covid-19-death-23-new-cases-1.5042272"
"BC",70,"BC70","https://bc.ctvnews.ca/50-additional-cases-new-care-home-outbreak-of-covid-19-in-b-c-1.5046936"
"BC",71,"BC71","https://vancouverisland.ctvnews.ca/b-c-records-85-new-covid-19-cases-largest-single-day-increase-since-april-1.5061320"
"BC",72,"BC72","https://www.youtube.com/watch?v=usMT7yGvYtM"
"BC",73,"BC73","https://globalnews.ca/news/7288711/bc-coronavirus-update-aug-20/"
"BC",74,"BC74","https://globalnews.ca/news/7291748/bc-coronavirus-update-august-21/"
"BC",75,"BC75","https://www.youtube.com/watch?v=m5IQSinIVvw"
"BC",76,"BC76","https://www.youtube.com/watch?v=m3ldv8dXhnQ"
"BC",77,"BC77","https://www.youtube.com/watch?v=OzLl2iXYEto"
"BC",78,"BC78","https://news.gov.bc.ca/releases/2020HLTH0049-001630"
"BC",79,"BC79","https://www.youtube.com/watch?v=hOuon20PX7A"
"BC",80,"BC80","https://globalnews.ca/news/7317459/bc-coronavirus-update-september-4/"
"BC",81,"BC81","https://www.youtube.com/watch?v=1sonWEN4Kls"
"BC",82,"BC82","https://www.youtube.com/watch?v=Dx9Bj1B8e98"
"BC",83,"BC83","https://www.youtube.com/watch?v=V-haTZDAE8Y"
"BC",84,"BC84","https://news.gov.bc.ca/releases/2020HLTH0053-001814"
"BC",85,"BC85","https://www.youtube.com/watch?v=CryqZA7YvDU"
"BC",86,"BC86","https://globalnews.ca/news/7357019/bc-coronavirus-update-september-24/?utm_source=%40globalbc&utm_medium=Twitter"
"BC",87,"BC87","https://news.gov.bc.ca/releases/2020HLTH0053-001853"
"BC",88,"BC88","https://www.youtube.com/watch?v=GHw7543_i-s&ab_channel=ProvinceofBC"
"BC",89,"BC89","https://vancouverisland.ctvnews.ca/b-c-reports-1-more-covid-19-death-as-cases-surpass-9-000-1.5125023"
"BC",90,"BC90","https://www.youtube.com/watch?v=kWFkA7HpBBI&ab_channel=GlobalNews"
"BC",91,"BC91","https://bc.ctvnews.ca/161-cases-3-deaths-in-b-c-s-final-covid-19-update-of-the-week-1.5130066"
"BC",92,"BC92","https://www.youtube.com/watch?v=IyZAUq4XBHM&ab_channel=ProvinceofBC"
"BC",93,"BC93","https://www.cbc.ca/news/canada/british-columbia/covid-19-update-bc-oct-6-1.5752759"
"BC",94,"BC94","https://bc.ctvnews.ca/covid-19-update-b-c-adds-110-cases-to-surpass-10-000-infections-1.5137832"
"BC",95,"BC95","https://www.youtube.com/watch?v=ZeCiRY2-Wxs&ab_channel=GlobalNews"
"BC",96,"BC96","https://www.cbc.ca/news/canada/british-columbia/bc-covid-19-update-friday-1.5765983"
"BC",97,"BC97","https://www.youtube.com/watch?v=DU1FZ1H8FeE&ab_channel=cpac"
"BC",98,"BC98","https://news.gov.bc.ca/releases/2020HLTH0054-001885"
"BC",99,"BC99","https://www.youtube.com/watch?v=i-o3E_lO3G8&ab_channel=ProvinceofBC"
"BC",100,"BC100","https://news.gov.bc.ca/releases/2020HLTH0058-001902"
"BC",101,"BC101","https://www.cbc.ca/news/canada/british-columbia/covid-19-update-october-29-1.5782369"
"BC",102,"BC102","https://bc.ctvnews.ca/b-c-reports-272-covid-19-cases-1-death-in-final-update-of-the-week-1.5168159"
"BC",103,"BC103","https://www.youtube.com/watch?v=fYRfqgrzWVQ&ab_channel=ProvinceofBC"
"BC",104,"BC104","https://news.gov.bc.ca/releases/2020HLTH0059-001910"
"BC",105,"BC105","https://bc.ctvnews.ca/b-c-adds-335-cases-of-covid-19-sets-new-record-for-active-caseload-1.5174506"
"BC",106,"BC106","https://news.gov.bc.ca/releases/2020HLTH0059-001919"
"BC",107,"BC107","https://bc.ctvnews.ca/in-rare-weekend-update-b-c-health-officials-confirm-another-567-covid-19-cases-1.5178752"
"BC",108,"BC108","https://www.cbc.ca/news/canada/british-columbia/covid-19-update-nov-9-1.5795851"
"BC",109,"BC109","https://bc.ctvnews.ca/b-c-tops-5-000-active-covid-cases-with-525-identified-over-last-24-hours-1.5182420"
"BC",110,"BC110","https://www.youtube.com/watch?v=gaAs47CBZuk&ab_channel=ProvinceofBC"
"BC",111,"BC111","https://www.cbc.ca/news/canada/british-columbia/covid-19-cases-bc-nov-14-2020-1.5801263"
"BC",112,"BC112","https://bc.ctvnews.ca/b-c-reports-9-coronavirus-deaths-almost-2-000-new-cases-in-record-breaking-weekend-1.5190785"
"BC",113,"BC113","https://news.gov.bc.ca/releases/2020HLTH0061-001943"
"BC",114,"BC114","https://www.cbc.ca/news/canada/british-columbia/covid-19-bc-update-nov-18-1.5807402"
"BC",115,"BC115","https://bc.ctvnews.ca/covid-19-in-b-c-another-death-538-cases-confirmed-in-latest-update-1.5195972"
"BC",116,"BC116","https://bc.ctvnews.ca/516-more-covid-19-cases-10-deaths-as-b-c-tops-25-000-cases-overall-1.5197694"
"BC",117,"BC117","https://www.cbc.ca/news/canada/british-columbia/bc-coronavirus-update-november-23-2020-1.5812556"
"BC",118,"BC118","https://bc.ctvnews.ca/b-c-reports-record-shattering-941-cases-of-covid-19-10-deaths-1.5202217"
"BC",119,"BC119","https://www.youtube.com/watch?v=xP-Vufao_3o&ab_channel=GlobalNews"
"BC",120,"BC120","https://bc.ctvnews.ca/another-record-breaking-covid-19-update-b-c-adds-887-cases-13-deaths-1.5205561"
"BC",121,"BC121","https://www.youtube.com/watch?v=I8c0ILNZ8pE&ab_channel=ProvinceofBC"
"BC",123,"BC123","https://bc.ctvnews.ca/more-than-2-000-cases-of-covid-19-over-the-weekend-in-b-c-officials-say-1.5210124"
"BC",124,"BC124","https://bc.ctvnews.ca/b-c-reports-656-cases-of-covid-19-16-deaths-record-number-of-hospitalizations-1.5211784"
"BC",126,"BC126","https://bc.ctvnews.ca/b-c-adds-834-cases-of-covid-19-12-deaths-1.5213746"
"BC",127,"BC127","https://www.youtube.com/watch?v=rVbVDPuHR4s&ab_channel=ProvinceofBC"
"BC",128,"BC128","https://bc.ctvnews.ca/covid-19-update-b-c-announces-711-more-cases-highest-hospitalizations-seen-so-far-in-the-pandemic-1.5217318"
"BC",137,"BC137","https://www.youtube.com/watch?v=ScsFiaR6YbI&ab_channel=ProvinceofBC"
"BC",138,"BC138","https://bc.ctvnews.ca/b-c-reports-16-more-covid-19-deaths-566-new-cases-1.5221650"
"BC",139,"BC139","https://bc.ctvnews.ca/16-more-deaths-from-covid-19-in-b-c-as-province-announces-vaccine-plan-1.5223570"
"BC",140,"BC140","https://www.youtube.com/watch?v=akKtCrENwfg&ab_channel=ProvinceofBC"
"BC",142,"BC142","https://bc.ctvnews.ca/covid-19-update-b-c-reports-737-new-cases-11-deaths-4-outbreaks-1.5227436"
"BC",144,"BC144","https://bc.ctvnews.ca/b-c-suffers-49-more-covid-19-fatalities-in-deadliest-weekend-of-pandemic-1.5230198?autoPlay=true"
"BC",158,"BC158","https://bc.ctvnews.ca/b-c-reports-21-more-covid-19-deaths-as-hospitalizations-reach-record-high-1.5231925"
"BC",159,"BC159","https://bc.ctvnews.ca/covid-19-update-640-cases-and-24-deaths-in-latest-data-from-b-c-health-ministry-1.5233762"
"BC",161,"BC161","https://bc.ctvnews.ca/covid-19-update-b-c-reports-21-more-deaths-673-new-cases-1.5235722"
"BC",162,"BC162","https://news.gov.bc.ca/releases/2020HLTH0068-002116"
"BC",163,"BC163","https://news.gov.bc.ca/releases/2020HLTH0068-002117"
"BC",164,"BC164","https://news.gov.bc.ca/releases/2020HLTH0068-002118"
"BC",165,"BC165","https://news.gov.bc.ca/releases/2020HLTH0068-002119"
"BC",166,"BC166","https://news.gov.bc.ca/releases/2020HLTH0068-002120"
"BC",167,"BC167","https://news.gov.bc.ca/releases/2020HLTH0068-002121"
"BC",168,"BC168","https://news.gov.bc.ca/releases/2020HLTH0068-002122"
"BC",169,"BC169","https://news.gov.bc.ca/releases/2020HLTH0068-002123"
"BC",170,"BC170","https://news.gov.bc.ca/releases/2020HLTH0068-002124"
"BC",171,"BC171","https://news.gov.bc.ca/releases/2020HLTH0068-002125"
"BC",172,"BC172","https://news.gov.bc.ca/releases/2020HLTH0068-002126"
"BC",177,"BC177","https://globalnews.ca/news/7535890/bc-coronavirus-december-21/"
"BC",178,"BC178","https://globalnews.ca/news/7538268/bc-coronavirus-december-22/"
"BC",179,"BC179","https://vancouverisland.ctvnews.ca/9-more-cases-of-covid-19-identified-in-island-health-region-1.5243204"
"BC",182,"BC182","https://globalnews.ca/news/7546022/bc-coronavirus-update-december-29/"
"BC",185,"BC185","https://bc.ctvnews.ca/more-than-14-000-vaccines-administered-in-b-c-11-covid-19-deaths-in-the-last-24-hours-1.5248353/"
"BC",186,"BC186","https://globalnews.ca/news/7549551/bc-coronavirus-update-dec-31/"
"BC",198,"BC198","https://bc.ctvnews.ca/covid-19-in-b-c-2-211-people-test-positive-over-new-year-s-long-weekend-1.5252704"
"BC",199,"BC199","https://bc.ctvnews.ca/covid-19-update-b-c-reports-428-new-cases-8-deaths-1.5253997"
"BC",200,"BC200","https://bc.ctvnews.ca/covid-19-update-b-c-reports-625-new-cases-8-deaths-1.5255656"
"BC",201,"BC201","https://www.youtube.com/watch?v=2foHfYPYjYQ&ab_channel=ProvinceofBC"
"BC",202,"BC202","https://news.gov.bc.ca/releases/2021HLTH0001-000026"
"BC",205,"BC205","https://www.youtube.com/watch?v=iBU8nDn2Fmg&ab_channel=ProvinceofBC"
"BC",206,"BC206","https://news.gov.bc.ca/releases/2021HLTH0002-000039"
"BC",208,"BC208","https://bc.ctvnews.ca/covid-19-update-b-c-reports-519-new-cases-12-deaths-1.5264937"
"BC",209,"BC209","https://www.youtube.com/watch?v=BMy56mSvSsg&ab_channel=ProvinceofBC"
"BC",210,"BC210","https://news.gov.bc.ca/releases/2021HLTH0002-000059"
"BC",212,"BC212","https://www.youtube.com/watch?v=tSPjy3BQ6rY&ab_channel=ProvinceofBC"
"BC",213,"BC213","https://news.gov.bc.ca/releases/2021HLTH0004-000082"
"BC",214,"BC214","https://globalnews.ca/news/7589159/bc-coronavirus-update-january-20-2021/"
"BC",215,"BC215","https://news.gov.bc.ca/releases/2021HLTH0004-000113"
"BC",216,"BC216","https://news.gov.bc.ca/releases/2021HLTH0005-000125"
"BC",218,"BC218","https://www.youtube.com/watch?v=bnJ_cJLZJY0&ab_channel=ProvinceofBC"
"BC",219,"BC219","https://globalnews.ca/news/7601175/bc-coronavirus-update-26-january-2021/"
"BC",220,"BC220","https://news.gov.bc.ca/releases/2021HLTH0006-000151"
"BC",221,"BC221","https://news.gov.bc.ca/releases/2021HLTH0006-000163"
"BC",222,"BC222","https://www.youtube.com/watch?v=XX2mx7aePLQ&ab_channel=ProvinceofBC"
"BC",226,"BC226","https://bc.ctvnews.ca/21-more-covid-19-deaths-over-the-weekend-bring-b-c-s-total-to-1-210-1.5290550"
"BC",227,"BC227","https://globalnews.ca/news/7615354/bc-coronavirus-update-feb-2-2021/"
"BC",228,"BC228","https://news.gov.bc.ca/releases/2021HLTH0028-000199"
"BC",229,"BC229","https://news.gov.bc.ca/releases/2021HLTH0009-000204"
"BC",230,"BC230","https://news.gov.bc.ca/releases/2021HLTH0012-000221"
"BC",233,"BC233","https://news.gov.bc.ca/releases/2021HLTH0013-000232"
"BC",234,"BC234","https://globalnews.ca/news/7630618/bc-coronavirus-update-feb-9-2021/"
"BC",235,"BC235","https://bc.ctvnews.ca/b-c-adds-469-new-cases-of-covid-19-6-more-deaths-1.5303018"
"BC",236,"BC236","https://news.gov.bc.ca/releases/2021HLTH0014-000258"
"BC",238,"BC238","https://news.gov.bc.ca/releases/2021HLTH0014-000277"
"BC",242,"BC242","https://bc.ctvnews.ca/long-weekend-update-26-deaths-1-533-more-cases-of-covid-19-in-b-c-1.5310712"
"BC",243,"BC243","https://bc.ctvnews.ca/covid-19-in-b-c-427-more-cases-3-deaths-in-latest-update-1.5312448"
"BC",244,"BC244","https://news.gov.bc.ca/releases/2021HLTH0014-000295"
"BC",245,"BC245","https://news.gov.bc.ca/releases/2021HLTH0014-000300"
"BC",261,"BC261","https://news.gov.bc.ca/releases/2021HLTH0014-000311"
"BC",262,"BC262","https://bc.ctvnews.ca/latest-update-on-covid-19-in-b-c-another-559-cases-1-death-recorded-1.5320489"
"BC",263,"BC263","https://news.gov.bc.ca/releases/2021HLTH0014-000326"
"BC",264,"BC264","https://news.gov.bc.ca/releases/2021HLTH0014-000337"
"BC",266,"BC266","https://news.gov.bc.ca/releases/2021HLTH0015-000351"
"BC",269,"BC269","https://news.gov.bc.ca/releases/2021HLTH0016-000367"
"BC",270,"BC270","https://bc.ctvnews.ca/covid-19-update-b-c-adds-438-cases-2-related-deaths-1.5330216"
"BC",271,"BC271","https://news.gov.bc.ca/releases/2021HLTH0018-000380"
"BC",272,"BC272","https://news.gov.bc.ca/releases/2021HLTH0018-000390"
"BC",273,"BC273","https://news.gov.bc.ca/releases/2021HLTH0018-000401"
"BC",274,"BC274","https://news.gov.bc.ca/releases/2021HLTH0018-000409"
"BC",284,"BC284","https://news.gov.bc.ca/releases/2021HLTH0019-000419"
"BC",285,"BC285","https://news.gov.bc.ca/releases/2021HLTH0020-000430"
"BC",286,"BC286","https://news.gov.bc.ca/releases/2021HLTH0020-000444"
"BC",287,"BC287","https://news.gov.bc.ca/releases/2021HLTH0020-000457"
"BC",291,"BC291","https://bc.ctvnews.ca/another-1-506-cases-of-covid-19-10-deaths-confirmed-in-b-c-over-the-weekend-1.5347515"
"Manitoba",1,"MB1","https://winnipeg.ctvnews.ca/province-announces-first-death-in-manitoba-from-covid-19-1.4870881"
"Manitoba",2,"MB2","https://manitoba.ca/covid19/"
"Manitoba",3,"MB3","https://news.gov.mb.ca/news/?archive=&item=47418"
"Manitoba",4,"MB4","https://news.gov.mb.ca/news/index.html?item=47469"
"Manitoba",5,"MB5","https://news.gov.mb.ca/news/index.html?item=47541"
"Manitoba",6,"MB6","https://news.gov.mb.ca/news/index.html?item=47578"
"Manitoba",7,"MB7","https://manitoba.ca/covid19/updates/index.html"
"Manitoba",8,"MB8","https://winnipeg.ctvnews.ca/covid-19-death-reported-in-manitoba-on-tuesday-1.5042411#_gus&_gucid=&_gup=twitter&_gsc=A8EMOhR"
"Manitoba",9,"MB9","https://news.gov.mb.ca/news/index.html?item=49080"
"Manitoba",10,"MB10","https://news.gov.mb.ca/news/?archive=&item=49085"
"Manitoba",11,"MB11","https://winnipeg.ctvnews.ca/new-covid-19-cases-one-new-death-announced-in-manitoba-on-wednesday-1.5070700"
"Manitoba",12,"MB12","https://news.gov.mb.ca/news/index.html?item=49109&posted=2020-08-25"
"Manitoba",13,"MB13","https://www.cbc.ca/news/canada/manitoba/manitoba-covid-19-update-1.5702033"
"Manitoba",14,"MB14","https://www.gov.mb.ca/covid19/updates/index.html"
"Manitoba",15,"MB15","https://www.gov.mb.ca/covid19/index.html"
"Manitoba",16,"MB16","https://news.gov.mb.ca/news/index.html?item=49289"
"Manitoba",17,"MB17","https://news.gov.mb.ca/news/index.html?item=49335"
"Manitoba",18,"MB18","https://www.cbc.ca/news/canada/manitoba/covid-19-manitoba-oct-3-1.5749433"
"Manitoba",19,"MB19","https://news.gov.mb.ca/news/index.html?item=49341"
"Manitoba",20,"MB20","https://news.gov.mb.ca/news/index.html?item=49387"
"Manitoba",21,"MB21","https://news.gov.mb.ca/news/index.html?item=49389"
"Manitoba",22,"MB22","https://news.gov.mb.ca/news/index.html?item=49458&posted=2020-10-24"
"Manitoba",23,"MB23","https://news.gov.mb.ca/news/index.html?item=49493&posted=2020-10-29"
"Manitoba",24,"MB24","https://news.gov.mb.ca/news/index.html?item=49566&posted=2020-11-03"
"Manitoba",25,"MB25","https://news.gov.mb.ca/news/index.html?item=49573&posted=2020-11-04"
"Manitoba",26,"MB26","https://news.gov.mb.ca/news/index.html?item=49577&posted=2020-11-05"
"Manitoba",27,"MB27","https://www.cbc.ca/news/canada/manitoba/covid-19-manitoba-update-november-1-1.5785441"
"Manitoba",28,"MB28","https://www.gov.mb.ca/covid19/updates/index.htmll"
"Manitoba",180,"MB180","https://news.gov.mb.ca/news/?archive=&item=50107"
"Manitoba",181,"MB181","https://news.gov.mb.ca/news/index.html?item=50111"
"Manitoba",182,"MB182","https://news.gov.mb.ca/news/index.html?item=50117&posted=2020-12-29"
"Manitoba",185,"MB185","Province of Manitoba | COVID-19 (gov.mb.ca)"
"Manitoba",186,"MB186","https://news.gov.mb.ca/news/index.html?item=50126&posted=2020-12-31"
"Manitoba",187,"MB187","https://news.gov.mb.ca/news/?archive=&item=50129"
"Manitoba",188,"MB188","https://news.gov.mb.ca/news/?archive=&item=50130"
"Manitoba",189,"MB189","https://news.gov.mb.ca/news/?archive=&item=50131"
"Manitoba",190,"MB190","https://news.gov.mb.ca/news/?archive=&item=50132"
"Manitoba",191,"MB191","https://news.gov.mb.ca/news/?archive=&item=50133"
"Manitoba",192,"MB192","https://news.gov.mb.ca/news/?archive=&item=50134"
"Manitoba",193,"MB193","https://news.gov.mb.ca/news/?archive=&item=50135"
"Manitoba",194,"MB194","https://news.gov.mb.ca/news/?archive=&item=50136"
"Manitoba",195,"MB195","https://news.gov.mb.ca/news/?archive=&item=50137"
"Manitoba",196,"MB196","https://news.gov.mb.ca/news/?archive=&item=50138"
"Manitoba",197,"MB197","https://news.gov.mb.ca/news/?archive=&item=50139"
"Manitoba",199,"MB199","https://news.gov.mb.ca/news/?archive=&item=50177"
"Manitoba",202,"MB202","https://news.gov.mb.ca/news/?archive=&item=50201"
"Manitoba",203,"MB203","https://news.gov.mb.ca/news/?archive=&item=50205"
"Manitoba",209,"MB209","https://news.gov.mb.ca/news/?archive=&item=50239"
"Manitoba",229,"MB229","https://news.gov.mb.ca/news/index.html?item=50578&posted=2021-02-04"
"Manitoba",230,"MB230","https://news.gov.mb.ca/news/index.html?item=50619&posted=2021-02-05"
"Manitoba",231,"MB231","https://news.gov.mb.ca/news/?archive=&item=50623"
"Manitoba",232,"MB232","https://news.gov.mb.ca/news/?archive=&item=50624"
"Manitoba",233,"MB233","https://news.gov.mb.ca/news/?archive=&item=50657"
"Manitoba",236,"MB236","https://news.gov.mb.ca/news/?archive=&item=50743"
"Manitoba",237,"MB237","v"
"Manitoba",238,"MB238","https://news.gov.mb.ca/news/?archive=&item=50760"
"Manitoba",239,"MB239","https://news.gov.mb.ca/news/index.html?item=50761&posted=2021-02-13"
"Manitoba",240,"MB240","https://news.gov.mb.ca/news/?archive=&item=50777"
"Manitoba",242,"MB242","https://news.gov.mb.ca/news/index.html?item=50781&posted=2021-02-16"
"Manitoba",243,"MB243","https://news.gov.mb.ca/news/index.html?item=50800&posted=2021-02-17"
"Manitoba",244,"MB244","https://news.gov.mb.ca/news/index.html?item=50803&posted=2021-02-18"
"Manitoba",245,"MB245","https://news.gov.mb.ca/news/index.html?item=50820&posted=2021-02-19"
"Manitoba",246,"MB246","https://news.gov.mb.ca/news/index.html?item=50822&posted=2021-02-20"
"Manitoba",247,"MB247","https://news.gov.mb.ca/news/?archive=&item=50837"
"Manitoba",263,"MB263","https://news.gov.mb.ca/news/index.html?item=50865&posted=2021-02-24"
"Manitoba",267,"MB267","https://news.gov.mb.ca/news/?archive=&item=50887"
"Manitoba",268,"MB268","https://news.gov.mb.ca/news/index.html?item=50888&posted=2021-02-28"
"Manitoba",269,"MB269","https://news.gov.mb.ca/news/index.html?item=50892&posted=2021-03-01"
"Manitoba",270,"MB270","https://news.gov.mb.ca/news/index.html?item=50900&posted=2021-03-02"
"Manitoba",271,"MB271","https://news.gov.mb.ca/news/index.html?item=50907&posted=2021-03-03"
"Manitoba",273,"MB273","https://news.gov.mb.ca/news/index.html?item=50914&posted=2021-03-04"
"Manitoba",274,"MB274","https://news.gov.mb.ca/news/index.html?item=50923&posted=2021-03-05"
"Manitoba",287,"MB287","https://news.gov.mb.ca/news/index.html?item=50951&posted=2021-03-11"
"Manitoba",288,"MB288","https://news.gov.mb.ca/news/index.html?item=50957&posted=2021-03-12"
"Manitoba",289,"MB289","https://news.gov.mb.ca/news/index.html?item=50960&posted=2021-03-13"
"Manitoba",290,"MB290","https://news.gov.mb.ca/news/index.html?item=50977&posted=2021-03-14"
"New Brunswick",1,"NB1","https://www2.gnb.ca/content/gnb/en/news/news_release.2020.06.0324.html"
"New Brunswick",2,"NB2","https://atlantic.ctvnews.ca/new-brunswick-reports-second-covid-19-death-three-new-cases-in-campbellton-region-1.4982950"
"New Brunswick",3,"NB3","https://www2.gnb.ca/content/gnb/en/news/news_release.2020.10.0537.html"
"New Brunswick",4,"NB4","https://www2.gnb.ca/content/gnb/en/news/news_release.2020.10.0548.html"
"New Brunswick",5,"NB5","https://www2.gnb.ca/content/gnb/en/news/news_release.2020.10.0553.html"
"New Brunswick",6,"NB6","https://www2.gnb.ca/content/gnb/en/news/news_release.2020.11.0630.html"
"New Brunswick",142,"NB142","https://www2.gnb.ca/content/gnb/en/news/news_release.2020.12.0674.html"
"New Brunswick",186,"NB186","https://www2.gnb.ca/content/gnb/en/news/news_release.2020.12.0725.html"
"New Brunswick",206,"NB206","https://www2.gnb.ca/content/gnb/en/news/news_release.2021.01.0022.html"
"New Brunswick",213,"NB213","https://www2.gnb.ca/content/gnb/en/news/news_release.2021.01.0039.html"
"New Brunswick",222,"NB222","https://www2.gnb.ca/content/gnb/en/news/news_release.2021.01.0068.html"
"New Brunswick",223,"NB223","https://www2.gnb.ca/content/gnb/en/news/news_release.2021.01.0069.html"
"New Brunswick",231,"NB231","https://www2.gnb.ca/content/gnb/en/news/news_release.2021.02.0081.html"
"New Brunswick",234,"NB234","https://www2.gnb.ca/content/gnb/en/news/news_release.2021.02.0091.html"
"New Brunswick",236,"NB236","https://www2.gnb.ca/content/gnb/en/news/news_release.2021.02.0097.html"
"New Brunswick",241,"NB241","https://www2.gnb.ca/content/gnb/en/news/news_release.2021.02.0106.html"
"New Brunswick",242,"NB242","https://www2.gnb.ca/content/gnb/en/news/news_release.2021.02.0111.html"
"New Brunswick",247,"NB247","https://www2.gnb.ca/content/gnb/en/news/news_release.2021.02.0125.html"
"New Brunswick",261,"NB261","https://www2.gnb.ca/content/gnb/en/news/news_release.2021.02.0128.html"
"New Brunswick",270,"NB270","https://www2.gnb.ca/content/gnb/en/news/news_release.2021.03.0156.html"
"New Brunswick",285,"NB285","https://www2.gnb.ca/content/gnb/en/news/news_release.2021.03.0178.html"
"New Brunswick",288,"NB288","https://www2.gnb.ca/content/gnb/en/news/news_release.2021.03.0194.html"
"NL",1,"NL1","https://www.cbc.ca/news/canada/newfoundland-labrador/covid-19-first-nl-death-1.5514516"
"NL",2,"NL2","https://covid-19-newfoundland-and-labrador-gnl.hub.arcgis.com/"
"NL",3,"NL3","https://www.cbc.ca/news/canada/newfoundland-labrador/covid-nl-oct-3-1.5749411"
"NL",263,"NL263","https://www.gov.nl.ca/releases/2021/health/0224n04/"
"NL",267,"NL267","https://www.gov.nl.ca/releases/2021/health/0227n02/"
"Nova Scotia",1,"NS1","https://novascotia.ca/news/release/?id=20200407001"
"Nova Scotia",2,"NS2","https://novascotia.ca/news/release/?id=20200409003"
"Nova Scotia",3,"NS3","https://novascotia.ca/news/release/?id=20200413001"
"Nova Scotia",4,"NS4","https://novascotia.ca/news/release/?id=20200417003"
"Nova Scotia",5,"NS5","https://novascotia.ca/coronavirus/data/"
"Nova Scotia",6,"NS6","https://novascotia.ca/news/release/?id=20200419001"
"Nova Scotia",7,"NS7","https://atlantic.ctvnews.ca/n-s-reports-one-more-covid-19-related-death-bringing-total-to-10-16-new-cases-1.4905283"
"Nova Scotia",8,"NS8","https://novascotia.ca/news/release/?id=20200422002"
"Nova Scotia",9,"NS9","https://novascotia.ca/news/release/?id=20200423001"
"Nova Scotia",10,"NS10","https://novascotia.ca/news/release/?id=20200425001"
"Nova Scotia",11,"NS11","https://novascotia.ca/news/release/?id=20200426001"
"Nova Scotia",12,"NS12","https://atlantic.ctvnews.ca/n-s-announces-3-more-deaths-at-northwood-15-new-cases-of-covid-19-1.4915183"
"Nova Scotia",13,"NS13","https://atlantic.ctvnews.ca/nova-scotia-reports-another-death-at-northwood-20-new-cases-of-covid-19-1.4917009"
"Nova Scotia",14,"NS14","https://novascotia.ca/news/release/?id=20200501005"
"Nova Scotia",15,"NS15","https://novascotia.ca/news/release/?id=20200502002"
"Nova Scotia",16,"NS16","https://novascotia.ca/news/release/?id=20200503001"
"Nova Scotia",17,"NS17","https://novascotia.ca/news/release/?id=20200504002"
"Nova Scotia",18,"NS18","https://novascotia.ca/news/release/?id=20200505002"
"Nova Scotia",19,"NS19","https://novascotia.ca/news/release/?id=20200507001"
"Nova Scotia",20,"NS20","https://novascotia.ca/news/release/?id=20200508002"
"Nova Scotia",21,"NS21","https://novascotia.ca/news/release/?id=20200509001"
"Nova Scotia",22,"NS22","https://novascotia.ca/news/release/?id=20200511002"
"Nova Scotia",23,"NS23","https://novascotia.ca/news/release/?id=20200513001"
"Nova Scotia",24,"NS24","https://novascotia.ca/news/release/?id=20200519002"
"Nova Scotia",25,"NS25","https://novascotia.ca/news/release/?id=20200520001"
"Nova Scotia",26,"NS26","https://novascotia.ca/news/release/?id=20200521001"
"Nova Scotia",27,"NS27","https://novascotia.ca/news/release/?id=20200526004"
"Nova Scotia",28,"NS28","https://novascotia.ca/news/release/?id=20200604003"
"Nova Scotia",29,"NS29","https://atlantic.ctvnews.ca/n-s-woman-in-her-70s-dies-from-covid-19-province-reports-1-new-case-1.4976294"
"Nova Scotia",30,"NS30","https://atlantic.ctvnews.ca/n-s-reports-63rd-covid-19-death-no-active-cases-of-the-virus-1.4994615"
"Nova Scotia",31,"NS31","https://www.cbc.ca/news/canada/nova-scotia/covid-19-update-july-29-1.5667398"
"Nunavut",1,"NU1","https://gov.nu.ca/health/news/nunavuts-first-covid-19-related-deaths"
"Ontario",1,"ON1","https://www.nationalobserver.com/2020/03/17/news/unconfirmed-covid-19-death-reported-ontarios-muskoka"
"Ontario",2,"ON2","https://www.halton.ca/The-Region/News/2020/Halton-Region-Public-Health-confirms-second-COVID"
"Ontario",3,"ON3","https://globalnews.ca/news/6713031/new-coronavirus-related-death-ontario/"
"Ontario",4,"ON4","https://www.ontario.ca/page/2019-novel-coronavirus#section-0"
"Ontario",5,"ON5","https://www.thestar.com/news/city_hall/2020/03/22/canadian-toll-rises-to-1331-cases-19-deaths-clergy-go-digital-to-avoid-gatherings-conservative-leader-andrew-scheer-puts-down-partisan-sword-saying-there-really-isnt-much-philosophical-differen.html"
"Ontario",6,"ON6","https://www.hkpr.on.ca/featured_posts/covid-19-contributes-to-death-of-ckl-resident/"
"Ontario",7,"ON7","https://globalnews.ca/news/6723905/ontario-coronavirus-covid-19-cases-march-24/"
"Ontario",8,"ON8","https://www.cbc.ca/news/canada/toronto/covid-19-coronavirus-ontario-tuesday-hydro-1.5507767"
"Ontario",9,"ON9","https://globalnews.ca/news/6731126/coronavirus-st-catharines-death/"
"Ontario",10,"ON10","https://www.thestar.com/politics/provincial/2020/03/25/ontario-reports-100-new-covid-19-cases-ninth-death.html"
"Ontario",11,"ON11","https://ottawa.ctvnews.ca/man-in-his-90s-is-ottawa-s-first-death-linked-to-covid-19-1.4868469"
"Ontario",12,"ON12","https://www.cbc.ca/news/canada/toronto/covid-19-coronavirus-thursday-new-cases-1.5510534"
"Ontario",13,"ON13","https://toronto.ctvnews.ca/135-more-cases-of-covid-19-confirmed-in-ontario-including-three-new-deaths-1.4870930"
"Ontario",14,"ON14","https://www.cbc.ca/news/canada/london/coronavirus-cases-london-ontario-march-28-1.5513670"
"Ontario",15,"ON15","https://toronto.ctvnews.ca/ontario-health-officials-confirm-211-new-cases-of-covid-19-two-more-deaths-1.4873152"
"Ontario",16,"ON16","https://www.ottawamatters.com/local-news/renfrew-county-reports-first-covid-19-death-2209196"
"Ontario",17,"ON17","https://globalnews.ca/news/6750016/ontario-coronavirus-covid-19-numbers-march-30/"
"Ontario",18,"ON18","https://www.yorkregion.com/news-story/9919989-vaughan-woman-markham-man-bring-york-region-s-covid-19-related-death-toll-to-4/"
"Ontario",19,"ON19","https://www.york.ca/wps/portal/yorkhome/health/yr/covid-19/covid19inyorkregion/"
"Ontario",20,"ON20","https://www.hkpr.on.ca/"
"Ontario",21,"ON21","https://www.ottawapublichealth.ca/en/public-health-topics/novel-coronavirus.aspx?utm_source=OPH&utm_medium=Home_Page_Banner&utm_campaign=Coronavirus&utm_content=Home_Page_Banner_OPH#March-31-2020---Special-joint-statement-from-Dr-Vera-Etches-Medical-Officer-of-Health-and-Dr-Brent-Moloughney-Associate-Medical-Officer-of-Healt"
"Ontario",22,"ON22","https://lfpress.com/news/local-news/covid-19-provincial-cases-rise-st-thomas-death-brings-southwestern-ontario-fatalities-to-seven"
"Ontario",23,"ON23","http://www.peelregion.ca/news/archiveitem.asp?year=2020&month=2&day=31&file=2020231a.xml"
"Ontario",24,"ON24","https://healthunit.org/media/2020-archive/two-covid-19-related-deaths-reported-in-lgl/"
"Ontario",25,"ON25","https://hpepublichealth.ca/first-covid-19-death-confirmed-in-hastings-and-prince-edward-counties/"
"Ontario",26,"ON26","https://app.powerbi.com/view?r=eyJrIjoiMjU2MmEzM2QtNDliNS00ZmIxLWI5MzYtOTU0NTI1YmU5MjQ2IiwidCI6IjUyZDdjOWMyLWQ1NDktNDFiNi05YjFmLTlkYTE5OGRjM2YxNiJ9"
"Ontario",27,"ON27","https://hnhu.org/haldimand-norfolk-health-unit-reports-27-covid-19-cases/"
"Ontario",28,"ON28","https://lambtonpublichealth.ca/covid-19-pandemic-two-additional-deaths-confirmed-in-lambton/"
"Ontario",29,"ON29","https://www.wechu.org/newsroom/news-release-april-1st-public-health-updates-related-coronavirus-covid-19"
"Ontario",30,"ON30","https://www.toronto.ca/home/covid-19/media-room/covid-19-status-of-cases-in-toronto/"
"Ontario",31,"ON31","https://www.swpublichealth.ca/content/community-update-novel-coronavirus-covid-19"
"Ontario",32,"ON32","https://www.niagarahealth.on.ca/site/covid19casereporting"
"Ontario",33,"ON33","https://www.regionofwaterloo.ca/Modules/News/index.aspx?newsId=70f35962-4bb5-4a65-8392-d2e5073c7c4d"
"Ontario",34,"ON34","https://www.bchu.org/Media/Pages/first-death-covid19.aspx"
"Ontario",35,"ON35","https://hnhu.org/health-topic/coronavirus-covid-19/"
"Ontario",36,"ON36","https://www.insidehalton.com/news-story/9923286-oakville-woman-dead-from-coronavirus-in-halton-s-second-covid-19-death/"
"Ontario",37,"ON37","https://www.hamilton.ca/coronavirus/status-cases"
"Ontario",38,"ON38","https://www.phsd.ca/news/public-health-sudbury-districts-reports-two-new-cases-of-covid-19-including-one-death"
"Ontario",39,"ON39","https://kitchener.ctvnews.ca/first-person-in-guelph-dies-of-covid-19-public-health-officials-1.4879812"
"Ontario",40,"ON40","https://kitchener.ctvnews.ca/second-covid-19-death-confirmed-in-waterloo-region-public-health-officials-1.4877381"
"Ontario",41,"ON41","https://www.wechu.org/cv/local-updates"
"Ontario",42,"ON42","https://lambtonpublichealth.ca/2019-novel-coronavirus/"
"Ontario",43,"ON43","http://www.peelregion.ca/coronavirus/testing/#cases"
"Ontario",44,"ON44","https://www.newmarkettoday.ca/coronavirus-covid-19-local-news/york-region-covid-19-deaths-jump-to-13-southlake-reporting-its-2nd-fatality-2225361"
"Ontario",45,"ON45","https://www.newmarkettoday.ca/coronavirus-covid-19-local-news/york-region-covid-19-deaths-jump-to-13-southlake-reporting-its-2nd-fatality-2225360"
"Ontario",46,"ON46","https://www.healthunit.com/novel-coronavirus"
"Ontario",47,"ON47","http://www.porcupinehu.on.ca/en/your-health/infectious-diseases/novel-coronavirus/"
"Ontario",48,"ON48","https://ckphu.com/current-situation-in-chatham-kent-and-surrounding-areas/"
"Ontario",49,"ON49","https://www.ottawapublichealth.ca/en/public-health-topics/novel-coronavirus.aspx?utm_source=OPH&utm_medium=Home_Page_Banner&utm_campaign=Coronavirus&utm_content=self-isolation-page#Read-the-latest-statements"
"Ontario",50,"ON50","https://www.durhamradionews.com/archives/125765"
"Ontario",51,"ON51","https://www.regionofwaterloo.ca/en/health-and-wellness/positive-cases-in-waterloo-region.aspx"
"Ontario",52,"ON52","http://www.simcoemuskokahealthstats.org/topics/infectious-diseases/a-h/covid-19"
"Ontario",53,"ON53","https://www.ottawapublichealth.ca/en/reports-research-and-statistics/la-maladie-coronavirus-covid-19.aspx#Ottawa-COVID-19-Case-Details-"
"Ontario",54,"ON54","https://healthunit.org/coronavirus/"
"Ontario",55,"ON55","https://www.peelregion.ca/coronavirus/testing/#cases"
"Ontario",56,"ON56","https://www.wechu.org/newsroom/news-release-april-6th-public-health-evening-updates-related-coronavirus-covid-19"
"Ontario",57,"ON57","https://www.wechu.org/newsroom/news-release-april-7th-public-health-updates-related-coronavirus-covid-19"
"Ontario",58,"ON58","https://healthunit.org/wp-content/uploads/Weekly_LGLDHU_COVID-19_Surveillance_Report_April_7_2020.pdf"
"Ontario",59,"ON59","https://www.niagararegion.ca/health/covid-19/statistics.aspx"
"Ontario",60,"ON60","https://mailchi.mp/a9fbb894aceb/covid-19-surveillance-report-data-to-april-1-2513137"
"Ontario",61,"ON61","https://wdgpublichealth.ca/your-health/covid-19-information-public/status-cases-wdg"
"Ontario",62,"ON62","https://www.durham.ca/en/health-and-wellness/novel-coronavirus-update.aspx#Status-of-cases-in-Durham-Region"
"Ontario",63,"ON63","https://www.hpph.ca/en/health-matters/covid-19-in-huron-and-perth.aspx"
"Ontario",64,"ON64","https://www.peterboroughpublichealth.ca/your-health/diseases-infections-immunization/diseases-and-infections/novel-coronavirus-2019-ncov/local-covid-19-status/"
"Ontario",65,"ON65","https://mailchi.mp/1f535a15cd64/covid-19-surveillance-report-data-to-april-1-2513141"
"Ontario",66,"ON66","https://app.powerbi.com/view?r=eyJrIjoiNDZkYzgzN2YtNGM2Yi00ZTQ0LTkzOTUtY2IwOTlhNzlmMWE2IiwidCI6IjUyZDdjOWMyLWQ1NDktNDFiNi05YjFmLTlkYTE5OGRjM2YxNiJ9"
"Ontario",67,"ON67","https://www.ottawapublichealth.ca/en/reports-research-and-statistics/resources/Documents/covid-19/15-Apr/Web_PDF_COVID-2019_epi_update_202004151.pdf"
"Ontario",68,"ON68","https://www.toronto.ca/home/covid-19/covid-19-latest-city-of-toronto-news/covid-19-status-of-cases-in-toronto/"
"Ontario",69,"ON69","https://mailchi.mp/ab5fa3c856c2/covid-19-surveillance-report-data-to-april-1-2513149"
"Ontario",70,"ON70","https://www.bchu.org/ServicesWeProvide/InfectiousDiseases/Pages/coronavirus.aspx"
"Ontario",71,"ON71","https://www.wechu.org/newsroom/news-release-april-19th-public-health-updates-related-coronavirus-covid-19"
"Ontario",72,"ON72","http://www.porcupinehu.on.ca/en/your-health/infectious-diseases/novel-coronavirus/covid-cases/"
"Ontario",73,"ON73","https://healthunit.org/wp-content/uploads/Weekly_LGLDHU_COVID-19_Surveillance_Report_April_19_2020.pdf"
"Ontario",74,"ON74","https://mailchi.mp/3e8c529d6a6a/covid-19-surveillance-report-data-to-april-1-2513153"
"Ontario",75,"ON75","https://www.peelregion.ca/coronavirus/case-status/"
"Ontario",76,"ON76","https://www.halton.ca/For-Residents/Immunizations-Preventable-Disease/Diseases-Infections/New-Coronavirus"
"Ontario",77,"ON77","https://www.tbdhu.com/coronavirus"
"Ontario",78,"ON78","https://hpepublichealth.ca/covid-19-cases/"
"Ontario",79,"ON79","https://www.hamilton.ca/coronavirus/status-cases-in-hamilton"
"Ontario",80,"ON80","https://www.hpph.ca/en/health-matters/covid-19-in-huron-and-perth.aspx#"
"Ontario",81,"ON81","https://www.phsd.ca/news/public-health-sudbury-districts-reports-second-covid-19-death"
"Ontario",82,"ON82","https://eohu.ca/en/covid/covid-19-status-update-for-eohu-region"
"Ontario",83,"ON83","https://peelregion.ca/coronavirus/case-status/"
"Ontario",84,"ON84","https://maps.durham.ca/covidcases"
"Ontario",85,"ON85","https://www.healthunit.com/covid-19-cases-middlesex-london"
"Ontario",86,"ON86","https://www.ottawapublichealth.ca/en/reports-research-and-statistics/resources/Documents/covid-19/09-May/Web-PDF-COVID-2019-epi-update_20200509-8u0q.pdf"
"Ontario",87,"ON87","https://healthunit.org/wp-content/uploads/Weekly_LGLDHU_COVID-19_Surveillance_Report_May_10_2020.pdf"
"Ontario",88,"ON88","https://www.ottawapublichealth.ca/en/reports-research-and-statistics/resources/Documents/covid-19/12-May/Web-PDF-COVID-2019-epi-update_202005012-33h33.pdf"
"Ontario",89,"ON89","https://docs.google.com/spreadsheets/d/1E8YMC_De6LVLGDX7Miwn9-Oyg8PkMm0copG5sGanVqM/edit?ts=5e78202c#gid=1046988713"
"Ontario",90,"ON90","https://www.toronto.ca/home/covid-19/covid-19-latest-city-of-toronto-news/covid-19-status-of-cases-in-toronto//"
"Ontario",91,"ON91","https://www.myhealthunit.ca/en/News/index.aspx?feedId=00000000-0000-0000-0000-000000000000&newsId=cc718ab0-8a31-435e-b682-87ea4feb0ed5"
"Ontario",92,"ON92","https://www.york.ca/wps/portal/yorkhome/health/yr/covid-19/covid19inyorkregion/01covid19inyorkregion/!ut/p/z1/tZVNU8IwEIZ_iweOnWzSQpJjrEhbpSDKVy9MLaWN0hZrBPn3Bged8RMdTQ9pktl9s3lm5w2K0ARFZbyWWaxkVcZLvZ5GrZkvOr7nnUHQc5gLAnoiIJRBm2M0fg6ALz4BKPpJ_mtA55I54I8CKka4B45vH8ofoQhFq0TO0ZTYKWUJZxaFZmI5cdKyOL6e64EvmpwvYq7jdXRSqpXK0XRbz5KqVGmpGrCt6lu9uFdSPTxv5FWR6jGNlypvQFKt5dzCfD_DXJa7jDrNNKYGAP5k-_3VPtYefU9uvCtWhxDitDzsQgBej4F_SvvNE-ZhOCP7gO_ov-X3Ee9UF0m_LHJA0Hgt0w0allVd6H64_CVuD_YnUOYKT3SgD1dDChdt6rDWebd_PsB_POHABQzL20blKZiVJ2bl_wdO4IOLxa557bYNgvguO7YDFoZm2Ydm2Ydm2Ydm-370VzjBIV_XDw-pu24307Kxyi1ZLio0efHh_eyd4U4-92EtJW_u7iKhrX_n948KTUx7_6oYDgtmb63bAdtcLfKsmHXbdvPQ795bZkdPbkKTMQ!!/dz/d5/L2dBISEvZ0FBIS9nQSEh/#.Xt1X2EVKjIW"
"Ontario",93,"ON93","https://www.ottawapublichealth.ca/en/reports-research-and-statistics/daily-covid19-dashboard.aspx"
"Ontario",94,"ON94","https://www.porcupinehu.on.ca/en/your-health/infectious-diseases/novel-coronavirus/covid-cases/"
"Ontario",95,"ON95","https://www.niagararegion.ca/health/covid-19/statistics/statistics.aspx"
"Ontario",96,"ON96","https://twitter.com/TOPublicHealth/status/1283854314688192514"
"Ontario",97,"ON97","https://twitter.com/TOPublicHealth"
"Ontario",98,"ON98","https://twitter.com/TOPublicHealth/status/1288927760061288449"
"Ontario",99,"ON99","https://ckphu.com/current-situation-in-chatham-kent/"
"Ontario",100,"ON100","https://twitter.com/TOPublicHealth/status/1294003533356961796"
"Ontario",101,"ON101","https://twitter.com/TOPublicHealth/status/1305234897909493761"
"Ontario",102,"ON102","https://www.simcoemuskokahealthstats.org/topics/infectious-diseases/a-h/covid-19"
"Ontario",103,"ON103","https://app.powerbi.com/view?r=eyJrIjoiMjViMTI5YTMtZjZmYi00ZTYxLWIwY2ItYzM0Yzc5ZTFlM2ZlIiwidCI6ImRjNTYxMjk1LTdjYTktNDFhOS04M2JmLTUwODM0ZDZhOWQwZiJ9"
"Ontario",104,"ON104","https://healthunit.org/health-information/covid-19/local-cases-and-statistics/"
"Ontario",105,"ON105","https://www.halton.ca/For-Residents/Immunizations-Preventable-Disease/Diseases-Infections/New-Coronavirus/Status-of-COVID-19-Cases-in-Halton?viewmode=0"
"Ontario",106,"ON106","https://localcovidtracker.ca/"
"Ontario",107,"ON107","https://www.regionofwaterloo.ca/en/health-and-wellness/positive-cases-in-waterloo-region.aspx#"
"Ontario",108,"ON108","https://www.thespec.com/news/hamilton-region/2020/11/21/hamilton-public-health-issued-order-to-chartwell-willowgrove.html"
"Ontario",109,"ON109","https://app.powerbi.com/view?r=eyJrIjoiMzE5MzJlOTItOWE2ZS00MDNlLTlkNDEtMTcyYTg5OGFhMTFiIiwidCI6ImRjNTYxMjk1LTdjYTktNDFhOS04M2JmLTUwODM0ZDZhOWQwZiJ9"
"Ontario",110,"ON110","https://www.tbdhu.com/coviddata"
"Ontario",111,"ON111","https://www.swpublichealth.ca/en/my-health/covid-19-novel-coronavirus.aspx"
"Ontario",124,"ON124","https://www.myhealthunit.ca/en/health-topics/covid-19-cases.asp"
"Ontario",125,"ON125","https://www.york.ca/wps/portal/yorkhome/health/yr/covid-19/covid19inyorkregion/01covid19inyorkregion/!ut/p/z1/tZVNU8IwEIZ_iweOnWzSQpJjrEhbpSDKVy9MLaWN0hZrBPn3Bged8RMdTQ9pktl9s3lm5w2K0ARFZbyWWaxkVcZLvZ5GrZkvOr7nnUHQc5gLAnoiIJRBm2M0fg6ALz4BKPpJ_mtA55I54I8CKka4B45vH8ofoQhFq0TO0ZTYKWUJZxaFZmI5cdKyOL6e64EvmpwvYq7jdXRSqpXK0XRbz5KqVGmpGrCt6lu9uFdSPTxv5FWR6jGNlypvQFKt5dzCfD_DXJa7jDrNNKYGAP5k-_3VPtYefU9uvCtWhxDitDzsQgBej4F_SvvNE-ZhOCP7gO_ov-X3Ee9UF0m_LHJA0Hgt0w0allVd6H64_CVuD_YnUOYKT3SgD1dDChdt6rDWebd_PsB_POHABQzL20blKZiVJ2bl_wdO4IOLxa557bYNgvguO7YDFoZm2Ydm2Ydm2Ydm-370VzjBIV_XDw-pu24307Kxyi1ZLio0efHh_eyd4U4-92EtJW_u7iKhrX_n948KTUx7_6oYDgtmb63bAdtcLfKsmHXbdvPQ795bZkdPbkKTMQ!!/dz/d5/L2dBISEvZ0FBIS9nQSEh/#.X8bAG81KiUm"
"Ontario",126,"ON126","https://www.york.ca/wps/portal/yorkhome/health/yr/covid-19/covid19inyorkregion/01covid19inyorkregion/!ut/p/z1/tZVNU8IwEIZ_iweOnWzSQpJjrEhbpSDKVy9MLaWN0hZrBPn3Bged8RMdTQ9pktl9s3lm5w2K0ARFZbyWWaxkVcZLvZ5GrZkvOr7nnUHQc5gLAnoiIJRBm2M0fg6ALz4BKPpJ_mtA55I54I8CKka4B45vH8ofoQhFq0TO0ZTYKWUJZxaFZmI5cdKyOL6e64EvmpwvYq7jdXRSqpXK0XRbz5KqVGmpGrCt6lu9uFdSPTxv5FWR6jGNlypvQFKt5dzCfD_DXJa7jDrNNKYGAP5k-_3VPtYefU9uvCtWhxDitDzsQgBej4F_SvvNE-ZhOCP7gO_ov-X3Ee9UF0m_LHJA0Hgt0w0allVd6H64_CVuD_YnUOYKT3SgD1dDChdt6rDWebd_PsB_POHABQzL20blKZiVJ2bl_wdO4IOLxa557bYNgvguO7YDFoZm2Ydm2Ydm2Ydm-370VzjBIV_XDw-pu24307Kxyi1ZLio0efHh_eyd4U4-92EtJW_u7iKhrX_n948KTUx7_6oYDgtmb63bAdtcLfKsmHXbdvPQ795bZkdPbkKTMQ!!/dz/d5/L2dBISEvZ0FBIS9nQSEh/#.X8gSbM1KiUn"
"Ontario",129,"ON129","https://app.powerbi.com/view?r=eyJrIjoiMjU2MmEzM2QtNDliNS00ZmIxLWI5MzYtOTU0NTI1YmU5MjQ2IiwidCI6IjUyZDdjOWMyLWQ1NDktNDFiNi05YjFmLTlkYTE5OGRjM2YxNiJ10"
"Ontario",130,"ON130","https://app.powerbi.com/view?r=eyJrIjoiMjU2MmEzM2QtNDliNS00ZmIxLWI5MzYtOTU0NTI1YmU5MjQ2IiwidCI6IjUyZDdjOWMyLWQ1NDktNDFiNi05YjFmLTlkYTE5OGRjM2YxNiJ11"
"Ontario",131,"ON131","https://app.powerbi.com/view?r=eyJrIjoiMjU2MmEzM2QtNDliNS00ZmIxLWI5MzYtOTU0NTI1YmU5MjQ2IiwidCI6IjUyZDdjOWMyLWQ1NDktNDFiNi05YjFmLTlkYTE5OGRjM2YxNiJ12"
"Ontario",132,"ON132","https://www.halton.ca/For-Residents/Immunizations-Preventable-Disease/Diseases-Infections/New-Coronavirus/Status-of-COVID-19-Cases-in-Halton?viewmode=1"
"Ontario",133,"ON133","https://www.halton.ca/For-Residents/Immunizations-Preventable-Disease/Diseases-Infections/New-Coronavirus/Status-of-COVID-19-Cases-in-Halton?viewmode=2"
"Ontario",134,"ON134","https://www.halton.ca/For-Residents/Immunizations-Preventable-Disease/Diseases-Infections/New-Coronavirus/Status-of-COVID-19-Cases-in-Halton?viewmode=3"
"Ontario",135,"ON135","https://www.halton.ca/For-Residents/Immunizations-Preventable-Disease/Diseases-Infections/New-Coronavirus/Status-of-COVID-19-Cases-in-Halton?viewmode=4"
"Ontario",136,"ON136","https://www.york.ca/wps/portal/yorkhome/health/yr/covid-19/covid19inyorkregion/01covid19inyorkregion/!ut/p/z1/tZVNU8IwEIZ_iweOnWzSQpJjrEhbpSDKVy9MLaWN0hZrBPn3Bged8RMdTQ9pktl9s3lm5w2K0ARFZbyWWaxkVcZLvZ5GrZkvOr7nnUHQc5gLAnoiIJRBm2M0fg6ALz4BKPpJ_mtA55I54I8CKka4B45vH8ofoQhFq0TO0ZTYKWUJZxaFZmI5cdKyOL6e64EvmpwvYq7jdXRSqpXK0XRbz5KqVGmpGrCt6lu9uFdSPTxv5FWR6jGNlypvQFKt5dzCfD_DXJa7jDrNNKYGAP5k-_3VPtYefU9uvCtWhxDitDzsQgBej4F_SvvNE-ZhOCP7gO_ov-X3Ee9UF0m_LHJA0Hgt0w0allVd6H64_CVuD_YnUOYKT3SgD1dDChdt6rDWebd_PsB_POHABQzL20blKZiVJ2bl_wdO4IOLxa557bYNgvguO7YDFoZm2Ydm2Ydm2Ydm-370VzjBIV_XDw-pu24307Kxyi1ZLio0efHh_eyd4U4-92EtJW_u7iKhrX_n948KTUx7_6oYDgtmb63bAdtcLfKsmHXbdvPQ795bZkdPbkKTMQ!!/dz/d5/L2dBISEvZ0FBIS9nQSEh/#.X81vVthKi73"
"Ontario",137,"ON137","https://www.york.ca/wps/portal/yorkhome/health/yr/covid-19/covid19inyorkregion/01covid19inyorkregion/!ut/p/z1/tZVNU8IwEIZ_iweOnWzSQpJjrEhbpSDKVy9MLaWN0hZrBPn3Bged8RMdTQ9pktl9s3lm5w2K0ARFZbyWWaxkVcZLvZ5GrZkvOr7nnUHQc5gLAnoiIJRBm2M0fg6ALz4BKPpJ_mtA55I54I8CKka4B45vH8ofoQhFq0TO0ZTYKWUJZxaFZmI5cdKyOL6e64EvmpwvYq7jdXRSqpXK0XRbz5KqVGmpGrCt6lu9uFdSPTxv5FWR6jGNlypvQFKt5dzCfD_DXJa7jDrNNKYGAP5k-_3VPtYefU9uvCtWhxDitDzsQgBej4F_SvvNE-ZhOCP7gO_ov-X3Ee9UF0m_LHJA0Hgt0w0allVd6H64_CVuD_YnUOYKT3SgD1dDChdt6rDWebd_PsB_POHABQzL20blKZiVJ2bl_wdO4IOLxa557bYNgvguO7YDFoZm2Ydm2Ydm2Ydm-370VzjBIV_XDw-pu24307Kxyi1ZLio0efHh_eyd4U4-92EtJW_u7iKhrX_n948KTUx7_6oYDgtmb63bAdtcLfKsmHXbdvPQ795bZkdPbkKTMQ!!/dz/d5/L2dBISEvZ0FBIS9nQSEh/#.X86oK2hKjgl"
"Ontario",139,"ON139","https://www.york.ca/wps/portal/yorkhome/health/yr/covid-19/covid19inyorkregion/01covid19inyorkregion/!ut/p/z1/tZVNU8IwEIZ_iweOnWzSQpJjrEhbpSDKVy9MLaWN0hZrBPn3Bged8RMdTQ9pktl9s3lm5w2K0ARFZbyWWaxkVcZLvZ5GrZkvOr7nnUHQc5gLAnoiIJRBm2M0fg6ALz4BKPpJ_mtA55I54I8CKka4B45vH8ofoQhFq0TO0ZTYKWUJZxaFZmI5cdKyOL6e64EvmpwvYq7jdXRSqpXK0XRbz5KqVGmpGrCt6lu9uFdSPTxv5FWR6jGNlypvQFKt5dzCfD_DXJa7jDrNNKYGAP5k-_3VPtYefU9uvCtWhxDitDzsQgBej4F_SvvNE-ZhOCP7gO_ov-X3Ee9UF0m_LHJA0Hgt0w0allVd6H64_CVuD_YnUOYKT3SgD1dDChdt6rDWebd_PsB_POHABQzL20blKZiVJ2bl_wdO4IOLxa557bYNgvguO7YDFoZm2Ydm2Ydm2Ydm-370VzjBIV_XDw-pu24307Kxyi1ZLio0efHh_eyd4U4-92EtJW_u7iKhrX_n948KTUx7_6oYDgtmb63bAdtcLfKsmHXbdvPQ795bZkdPbkKTMQ!!/dz/d5/L2dBISEvZ0FBIS9nQSEh/#.X9Fcm9hKjgl"
"Ontario",140,"ON140","https://app.powerbi.com/view?r=eyJrIjoiMjU2MmEzM2QtNDliNS00ZmIxLWI5MzYtOTU0NTI1YmU5MjQ2IiwidCI6IjUyZDdjOWMyLWQ1NDktNDFiNi05YjFmLTlkYTE5OGRjM2YxNiJ13"
"Ontario",141,"ON141","https://www.york.ca/wps/portal/yorkhome/health/yr/covid-19/covid19inyorkregion/01covid19inyorkregion/!ut/p/z1/tZVNU8IwEIZ_iweOnWzSQpJjrEhbpSDKVy9MLaWN0hZrBPn3Bged8RMdTQ9pktl9s3lm5w2K0ARFZbyWWaxkVcZLvZ5GrZkvOr7nnUHQc5gLAnoiIJRBm2M0fg6ALz4BKPpJ_mtA55I54I8CKka4B45vH8ofoQhFq0TO0ZTYKWUJZxaFZmI5cdKyOL6e64EvmpwvYq7jdXRSqpXK0XRbz5KqVGmpGrCt6lu9uFdSPTxv5FWR6jGNlypvQFKt5dzCfD_DXJa7jDrNNKYGAP5k-_3VPtYefU9uvCtWhxDitDzsQgBej4F_SvvNE-ZhOCP7gO_ov-X3Ee9UF0m_LHJA0Hgt0w0allVd6H64_CVuD_YnUOYKT3SgD1dDChdt6rDWebd_PsB_POHABQzL20blKZiVJ2bl_wdO4IOLxa557bYNgvguO7YDFoZm2Ydm2Ydm2Ydm-370VzjBIV_XDw-pu24307Kxyi1ZLio0efHh_eyd4U4-92EtJW_u7iKhrX_n948KTUx7_6oYDgtmb63bAdtcLfKsmHXbdvPQ795bZkdPbkKTMQ!!/dz/d5/L2dBISEvZ0FBIS9nQSEh/#.X9KfothKi73"
"Ontario",143,"ON143","https://hnhu.org/additional-daily-statistics/"
"Ontario",158,"ON158","https://www.york.ca/wps/portal/yorkhome/health/yr/covid-19/covid19inyorkregion/01covid19inyorkregion/!ut/p/z1/tZVNU8IwEIZ_iweOnWzSQpJjrEhbpSDKVy9MLaWN0hZrBPn3Bged8RMdTQ9pktl9s3lm5w2K0ARFZbyWWaxkVcZLvZ5GrZkvOr7nnUHQc5gLAnoiIJRBm2M0fg6ALz4BKPpJ_mtA55I54I8CKka4B45vH8ofoQhFq0TO0ZTYKWUJZxaFZmI5cdKyOL6e64EvmpwvYq7jdXRSqpXK0XRbz5KqVGmpGrCt6lu9uFdSPTxv5FWR6jGNlypvQFKt5dzCfD_DXJa7jDrNNKYGAP5k-_3VPtYefU9uvCtWhxDitDzsQgBej4F_SvvNE-ZhOCP7gO_ov-X3Ee9UF0m_LHJA0Hgt0w0allVd6H64_CVuD_YnUOYKT3SgD1dDChdt6rDWebd_PsB_POHABQzL20blKZiVJ2bl_wdO4IOLxa557bYNgvguO7YDFoZm2Ydm2Ydm2Ydm-370VzjBIV_XDw-pu24307Kxyi1ZLio0efHh_eyd4U4-92EtJW_u7iKhrX_n948KTUx7_6oYDgtmb63bAdtcLfKsmHXbdvPQ795bZkdPbkKTMQ!!/dz/d5/L2dBISEvZ0FBIS9nQSEh/#.X9k2M9hKiUn"
"Ontario",159,"ON159","https://www.hamilton.ca/coronavirus/status-cases-in-hamiltonhttps://www.hamilton.ca/coronavirus/status-cases-in-hamilton"
"Ontario",160,"ON160","https://london.ctvnews.ca/daily-covid-19-case-count-drops-by-half-in-middlesex-london-1.5233733"
"Ontario",173,"ON173","https://app.powerbi.com/view?r=eyJrIjoiMzE5MzJlOTItOWE2ZS00MDNlLTlkNDEtMTcyYTg5OGFhMTFiIiwidCI6ImRjNTYxMjk1LTdjYTktNDFhOS04M2JmLTUwODM0ZDZhOWQwZiJ10"
"Ontario",174,"ON174","https://app.powerbi.com/view?r=eyJrIjoiMzE5MzJlOTItOWE2ZS00MDNlLTlkNDEtMTcyYTg5OGFhMTFiIiwidCI6ImRjNTYxMjk1LTdjYTktNDFhOS04M2JmLTUwODM0ZDZhOWQwZiJ11"
"Ontario",175,"ON175","https://app.powerbi.com/view?r=eyJrIjoiMzE5MzJlOTItOWE2ZS00MDNlLTlkNDEtMTcyYTg5OGFhMTFiIiwidCI6ImRjNTYxMjk1LTdjYTktNDFhOS04M2JmLTUwODM0ZDZhOWQwZiJ12"
"Ontario",176,"ON176","https://www.york.ca/wps/portal/yorkhome/health/yr/covid-19/covid19inyorkregion/01covid19inyorkregion/!ut/p/z1/tZVNU8IwEIZ_iweOnWzSQpJjrEhbpSDKVy9MLaWN0hZrBPn3Bged8RMdTQ9pktl9s3lm5w2K0ARFZbyWWaxkVcZLvZ5GrZkvOr7nnUHQc5gLAnoiIJRBm2M0fg6ALz4BKPpJ_mtA55I54I8CKka4B45vH8ofoQhFq0TO0ZTYKWUJZxaFZmI5cdKyOL6e64EvmpwvYq7jdXRSqpXK0XRbz5KqVGmpGrCt6lu9uFdSPTxv5FWR6jGNlypvQFKt5dzCfD_DXJa7jDrNNKYGAP5k-_3VPtYefU9uvCtWhxDitDzsQgBej4F_SvvNE-ZhOCP7gO_ov-X3Ee9UF0m_LHJA0Hgt0w0allVd6H64_CVuD_YnUOYKT3SgD1dDChdt6rDWebd_PsB_POHABQzL20blKZiVJ2bl_wdO4IOLxa557bYNgvguO7YDFoZm2Ydm2Ydm2Ydm-370VzjBIV_XDw-pu24307Kxyi1ZLio0efHh_eyd4U4-92EtJW_u7iKhrX_n948KTUx7_6oYDgtmb63bAdtcLfKsmHXbdvPQ795bZkdPbkKTMQ!!/dz/d5/L2dBISEvZ0FBIS9nQSEh/#.X95-g9hKiUn"
"Ontario",178,"ON178","https://www.york.ca/wps/portal/yorkhome/health/yr/covid-19/covid19inyorkregion/!ut/p/z1/jY_NDoIwEISfxQcg3dYK5dig0hYJJkbFXgzxBxuVEkJI9OltDBcPonvaTb6ZnUEa5UhXRWfKojW2Km7u3ml_L3kshUhAZZRFwCHjigQMZiFG2zcAX4YD0v_oBwA9bK9-PXANSJNGaYl0XbQXz1Rni_KD7czRw2G_4dBUD9tcm1PpertQ-tM2XjEKcqMCvsEZUDnuAUKoL3AECkTGQM6D5WTKBIaE9MBA8vq-zp8LAUby0QtFxQ52/dz/d5/L2dBISEvZ0FBIS9nQSEh/#.X-JzIC0ZMxc"
"Ontario",180,"ON180","https://app.powerbi.com/view?r=eyJrIjoiOTJkYWRmODgtYzg5Ni00MmMyLWIzODgtNDU4ODYxZTVlNzc3IiwidCI6IjdkYzFmZjlkLTA1ZjEtNGNhNi1iYWZlLTIyNmZmNWYxNmJkYSJ9"
"Ontario",181,"ON181","https://www.york.ca/wps/portal/yorkhome/health/yr/covid-19/covid19inyorkregion/!ut/p/z1/jY_NDoIwEISfxQcg3dYK5dig0hYJJkbFXgzxBxuVEkJI9OltDBcPonvaTb6ZnUEa5UhXRWfKojW2Km7u3ml_L3kshUhAZZRFwCHjigQMZiFG2zcAX4YD0v_oBwA9bK9-PXANSJNGaYl0XbQXz1Rni_KD7czRw2G_4dBUD9tcm1PpertQ-tM2XjEKcqMCvsEZUDnuAUKoL3AECkTGQM6D5WTKBIaE9MBA8vq-zp8LAUby0QtFxQ52/dz/d5/L2dBISEvZ0FBIS9nQSEh/#.X-peSC0ZMxc"
"Ontario",182,"ON182","https://www.nwhu.on.ca/covid19/Pages/regional-COVID-19-results.aspx"
"Ontario",183,"ON183","https://www.rcdhu.com/novel-coronavirus-covid-19-2/"
"Ontario",184,"ON184","https://www.simcoemuskokahealth.org/MicroSites/Media/Health%20Stats/Instant%20Atlas/HealthMAPS_COVID_Dashboard20201229/index.html"
"Ontario",187,"ON187","https://www.halton.ca/For-Residents/Immunizations-Preventable-Disease/Diseases-Infections/New-Coronavirus/Status-of-COVID-19-Cases-in-Halton?viewmode=5"
"Ontario",188,"ON188","https://www.halton.ca/For-Residents/Immunizations-Preventable-Disease/Diseases-Infections/New-Coronavirus/Status-of-COVID-19-Cases-in-Halton?viewmode=6"
"Ontario",189,"ON189","https://www.halton.ca/For-Residents/Immunizations-Preventable-Disease/Diseases-Infections/New-Coronavirus/Status-of-COVID-19-Cases-in-Halton?viewmode=7"
"Ontario",198,"ON198","https://www.york.ca/wps/portal/yorkhome/health/yr/covid-19/covid19inyorkregion/01covid19inyorkregion/!ut/p/z1/tZVNU8IwEIZ_iweOnWzSQpJjrEhbpSDKVy9MLaWN0hZrBPn3Bged8RMdTQ9pktl9s3lm5w2K0ARFZbyWWaxkVcZLvZ5GrZkvOr7nnUHQc5gLAnoiIJRBm2M0fg6ALz4BKPpJ_mtA55I54I8CKka4B45vH8ofoQhFq0TO0ZTYKWUJZxaFZmI5cdKyOL6e64EvmpwvYq7jdXRSqpXK0XRbz5KqVGmpGrCt6lu9uFdSPTxv5FWR6jGNlypvQFKt5dzCfD_DXJa7jDrNNKYGAP5k-_3VPtYefU9uvCtWhxDitDzsQgBej4F_SvvNE-ZhOCP7gO_ov-X3Ee9UF0m_LHJA0Hgt0w0allVd6H64_CVuD_YnUOYKT3SgD1dDChdt6rDWebd_PsB_POHABQzL20blKZiVJ2bl_wdO4IOLxa557bYNgvguO7YDFoZm2Ydm2Ydm2Ydm-370VzjBIV_XDw-pu24307Kxyi1ZLio0efHh_eyd4U4-92EtJW_u7iKhrX_n948KTUx7_6oYDgtmb63bAdtcLfKsmHXbdvPQ795bZkdPbkKTMQ!!/dz/d5/L2dBISEvZ0FBIS9nQSEh/#.X_OS8dhKiUm"
"Ontario",204,"ON204","https://www.kflaph.ca/Modules/News/index.aspx?newsId=c3b8213f-9647-4f43-9fc9-c5a1b32758cb"
"Ontario",206,"ON206","https://healthunit.org/health-information/covid-19/local-cases-and-statistics/dashboard/"
"Ontario",207,"ON207","https://www.timiskaminghu.com/90484/covid-19"
"Ontario",209,"ON209","https://www.york.ca/wps/portal/yorkhome/health/yr/covid-19/covid19inyorkregion/01covid19inyorkregion/!ut/p/z1/tZVNU8IwEIZ_iweOnWzSQpJjrEhbpSDKVy9MLaWN0hZrBPn3Bged8RMdTQ9pktl9s3lm5w2K0ARFZbyWWaxkVcZLvZ5GrZkvOr7nnUHQc5gLAnoiIJRBm2M0fg6ALz4BKPpJ_mtA55I54I8CKka4B45vH8ofoQhFq0TO0ZTYKWUJZxaFZmI5cdKyOL6e64EvmpwvYq7jdXRSqpXK0XRbz5KqVGmpGrCt6lu9uFdSPTxv5FWR6jGNlypvQFKt5dzCfD_DXJa7jDrNNKYGAP5k-_3VPtYefU9uvCtWhxDitDzsQgBej4F_SvvNE-ZhOCP7gO_ov-X3Ee9UF0m_LHJA0Hgt0w0allVd6H64_CVuD_YnUOYKT3SgD1dDChdt6rDWebd_PsB_POHABQzL20blKZiVJ2bl_wdO4IOLxa557bYNgvguO7YDFoZm2Ydm2Ydm2Ydm-370VzjBIV_XDw-pu24307Kxyi1ZLio0efHh_eyd4U4-92EtJW_u7iKhrX_n948KTUx7_6oYDgtmb63bAdtcLfKsmHXbdvPQ795bZkdPbkKTMQ!!/dz/d5/L2dBISEvZ0FBIS9nQSEh/#.YAC_z-hKi73"
"Ontario",210,"ON210","https://www.phsd.ca/health-topics-programs/diseases-infections/coronavirus/current-status-covid-19/"
"Ontario",211,"ON211","https://www.york.ca/wps/portal/yorkhome/health/yr/covid-19/covid19inyorkregion/01covid19inyorkregion/!ut/p/z1/tZVNU8IwEIZ_iweOnWzSQpJjrEhbpSDKVy9MLaWN0hZrBPn3Bged8RMdTQ9pktl9s3lm5w2K0ARFZbyWWaxkVcZLvZ5GrZkvOr7nnUHQc5gLAnoiIJRBm2M0fg6ALz4BKPpJ_mtA55I54I8CKka4B45vH8ofoQhFq0TO0ZTYKWUJZxaFZmI5cdKyOL6e64EvmpwvYq7jdXRSqpXK0XRbz5KqVGmpGrCt6lu9uFdSPTxv5FWR6jGNlypvQFKt5dzCfD_DXJa7jDrNNKYGAP5k-_3VPtYefU9uvCtWhxDitDzsQgBej4F_SvvNE-ZhOCP7gO_ov-X3Ee9UF0m_LHJA0Hgt0w0allVd6H64_CVuD_YnUOYKT3SgD1dDChdt6rDWebd_PsB_POHABQzL20blKZiVJ2bl_wdO4IOLxa557bYNgvguO7YDFoZm2Ydm2Ydm2Ydm-370VzjBIV_XDw-pu24307Kxyi1ZLio0efHh_eyd4U4-92EtJW_u7iKhrX_n948KTUx7_6oYDgtmb63bAdtcLfKsmHXbdvPQ795bZkdPbkKTMQ!!/dz/d5/L2dBISEvZ0FBIS9nQSEh/#.YAIQjehKiUl"
"Ontario",212,"ON212","https://www.york.ca/wps/portal/yorkhome/health/yr/covid-19/covid19inyorkregion/!ut/p/z1/jZBRT4MwEMc_iw88jl47HMW3BnUtc2GJ2YZ9MWyy0giUFBzRT2-jvCxR9J7uLr-7-_8PSZQh2eRnrfJemyavXP0kF8-CLQXnK0jSgMbAIGUJCSncRRjtvwD4JRgg-Z_5CUBOr0_-OuAcELuO1wrJNu_LmW5OBmVHc9YvMxyNGY50827sqy2U8-1Eycu1y0cagNglIdvhFAIxHwFCggXHMSTAUwriPtxc31KOYUVGYFq5qszh-8msOcypk2iLU2EL679Z1y77vu1uPPBgGAZfGaOqwj-a2oOfRkrT9Si7JFFbb7OPBw56U-9px64-AZv2O7Q!/dz/d5/L2dBISEvZ0FBIS9nQSEh/#.YAYGuJNKjyg"
"Ontario",213,"ON213","http://www.algomapublichealth.com/disease-and-illness/infectious-diseases/novel-coronavirus/current-status-covid-19/"
"Ontario",216,"ON216","https://www.porcupinehu.on.ca/en/your-health/infectious-diseases/novel-coronavirus/covid-cases-local-situation/status-confirmed-cases/"
"Ontario",218,"ON218","https://eohu.ca/en/my-health/covid-19-status-update-for-eohu-region"
"Ontario",222,"ON222","https://www.york.ca/wps/portal/yorkhome/health/yr/covid-19/covid19inyorkregion/!ut/p/z1/jZBRT4MwEMc_iw88jl47HMW3BnUtc2GJ2YZ9MWyy0giUFBzRT2-jvCxR9J7uLr-7-_8PSZQh2eRnrfJemyavXP0kF8-CLQXnK0jSgMbAIGUJCSncRRjtvwD4JRgg-Z_5CUBOr0_-OuAcELuO1wrJNu_LmW5OBmVHc9YvMxyNGY50827sqy2U8-1Eycu1y0cagNglIdvhFAIxHwFCggXHMSTAUwriPtxc31KOYUVGYFq5qszh-8msOcypk2iLU2EL679Z1y77vu1uPPBgGAZfGaOqwj-a2oOfRkrT9Si7JFFbb7OPBw56U-9px64-AZv2O7Q!/dz/d5/L2dBISEvZ0FBIS9nQSEh/#.YBSFmZNKg3Q"
"Ontario",223,"ON223","https://www.york.ca/wps/portal/yorkhome/health/yr/covid-19/covid19inyorkregion/!ut/p/z1/rZBBc4IwEIV_Dd5KFkSNnXE6FIuAVew4VeTSCYiBCoSGqLW_vrG1BzvW9tCcNm9fNu9bFKIAhSXZZpSIjJUkl_dF2H5yzYHrOEPwfANbYIJvenoHw11XQ_MPA_xwTEDhX95fMISXx3u_fSAJdD6yRhSFFRHpVVauGApits2WV1r3WGndrNwzvuYJldwyVHg6djDFBrgzr2PONB8Mt3k06LrRdjQLPHB8DK7dmbT62NFgqB8Nl5PTnEWfSzbLqIllRJ6sEp5wdcOlnApR1dcKKLDb7VTKGM0TNWaFArJ989I77R_yqzGRl6pWoGJckFyBg5qyIlEgTUguUqlwBb7wj9UpvgKNmvT6jU0telpb08HodpqGgbHMLUXaM-2HZ2tsv94GYNO9vnBW-XqdTqPhcrtuGyIa03NIKasFCk5JzvnqhPA4rQgnRf19B__IiKriMXi7dyCbFHMsWot3Yxu26Q!!/dz/d5/L2dBISEvZ0FBIS9nQSEh/#.YBXfOS0ZMxc"
"Ontario",224,"ON224","https://www.publichealthgreybruce.on.ca"
"Ontario",225,"ON225","https://www.york.ca/wps/portal/yorkhome/health/yr/covid-19/covid19inyorkregion/!ut/p/z1/rZDLcoIwFIafBnclJ-AFOsN0GKwCXtBpq8jGiRSBFggNUUefvrGlCzrWdtEsMufy5-T_DgqQj4KC7NOY8JQWJBP5KuiuHXPo2PYIXK-tWWCCZ7pKT4N7HaPlhwB-OCag4C_vrwiC6-Pd3z4QBAqbWJMYBSXhyU1abCnyQ7pPn2-wXkdYT4sjZa8sigW3MBU0xw4ftDY4C7dnLrAHbUetBYrS7trYAhdsTwNn0Jt1-pqNYaTUguvO44xuPpdsFhtVExZZtI1YxOQdE-WE87K6lUCCw-Egx5TGWSSHNJdAtO_ejGb_7F8OiUjKSoKSMk4yCc7VhOaRBElEMp6ICpPgC7-OmvgStCpi9Fu7ihu4ixWsiktV9J7wLYqxYQ7mL9bULrqPx2JE2Iqs58cg3Can6jS159PDOL6ElNCKI79JcklXRYSFSUkYyavvO_hHRlTmT_5pbEM6y5ca76zeATn8FRw!/dz/d5/L2dBISEvZ0FBIS9nQSEh/#.YBcwri0ZMxc"
"Ontario",228,"ON228","https://www.york.ca/wps/portal/yorkhome/health/yr/covid-19/covid19inyorkregion/!ut/p/z1/jY_NDoIwEISfxQcg3dYK5dig0hYJJkbFXgzxBxuVEkJI9OltDBcPonvaTb6ZnUEa5UhXRWfKojW2Km7u3ml_L3kshUhAZZRFwCHjigQMZiFG2zcAX4YD0v_oBwA9bK9-PXANSJNGaYl0XbQXz1Rni_KD7czRw2G_4dBUD9tcm1PpertQ-tM2XjEKcqMCvsEZUDnuAUKoL3AECkTGQM6D5WTKBIaE9MBA8vq-zp8LAUby0QtFxQ52/dz/d5/L2dBISEvZ0FBIS9nQSEh/#.YBsvEpNKijA"
"Ontario",232,"ON232","https://www.york.ca/wps/portal/yorkhome/health/yr/covid-19/covid19inyorkregion/!ut/p/z1/rZBbc4IwEIV_Db5pNoiCnWE6jDdALXaceuGlEzECLRCaBB399Y2tfbBjbR-ap83Zk835FoVoicKC7NKYyJQVJFP3Vdh-9pyh57oj8APD6oIDgePrpgX9DkaLDwP8cBxA4V_e3zCEt8f7v32gCHQ-6U5iFJZEJvW02DK0jNgu3dRx51zhTlocGH_lNFbcKlR4OXY4swzw5r7pzHEAhtc8G3TdaLu4Cz64gQXewJy2epaLYaSfDbeTxxlbfy7ZKdZNS0XkdEs55Y2KKzmRshR3Gmiw3-8bMWNxRhsRyzVQ7fs3-7J_yt-IiLqUQoOScUkyDU5qwnKqQUJJJhOlcA2-8M_VJb4GNUHsXk2wikfUpptUMi5qlZA2bmPdNHTDMFvYVBhKjG1n8PjSfRhgLsez47RXTGDB9bATJNmxqvrFYbu_RpgwIdHyEuyaT1DCo6QknOTi-0r-ERmV-dPyOHYhneYLS7ZW7-rYVL4!/dz/d5/L2dBISEvZ0FBIS9nQSEh/#.YCBxIy0ZMxc"
"Ontario",233,"ON233","https://www.porcupinehu.on.ca/en/your-health/infectious-diseases/novel-coronavirus/"
"Ontario",235,"ON235","https://www.york.ca/wps/portal/yorkhome/health/yr/covid-19/covid19inyorkregion/!ut/p/z1/jZBRT4MwEMc_iw88jl47HMW3BnUtc2GJ2YZ9MWyy0giUFBzRT2-jvCxR9J7uLr-7-_8PSZQh2eRnrfJemyavXP0kF8-CLQXnK0jSgMbAIGUJCSncRRjtvwD4JRgg-Z_5CUBOr0_-OuAcELuO1wrJNu_LmW5OBmVHc9YvMxyNGY50827sqy2U8-1Eycu1y0cagNglIdvhFAIxHwFCggXHMSTAUwriPtxc31KOYUVGYFq5qszh-8msOcypk2iLU2EL679Z1y77vu1uPPBgGAZfGaOqwj-a2oOfRkrT9Si7JFFbb7OPBw56U-9px64-AZv2O7Q!/dz/d5/L2dBISEvZ0FBIS9nQSEh/#.YCRZHJNKjyg"
"Ontario",236,"ON236","https://www.york.ca/wps/portal/yorkhome/health/yr/covid-19/covid19inyorkregion/01covid19inyorkregion/!ut/p/z1/tZVNU8IwEIZ_iweOnWzSQpJjrEhbpSDKVy9MLaWN0hZrBPn3Bged8RMdTQ9pktl9s3lm5w2K0ARFZbyWWaxkVcZLvZ5GrZkvOr7nnUHQc5gLAnoiIJRBm2M0fg6ALz4BKPpJ_mtA55I54I8CKka4B45vH8ofoQhFq0TO0ZTYKWUJZxaFZmI5cdKyOL6e64EvmpwvYq7jdXRSqpXK0XRbz5KqVGmpGrCt6lu9uFdSPTxv5FWR6jGNlypvQFKt5dzCfD_DXJa7jDrNNKYGAP5k-_3VPtYefU9uvCtWhxDitDzsQgBej4F_SvvNE-ZhOCP7gO_ov-X3Ee9UF0m_LHJA0Hgt0w0allVd6H64_CVuD_YnUOYKT3SgD1dDChdt6rDWebd_PsB_POHABQzL20blKZiVJ2bl_wdO4IOLxa557bYNgvguO7YDFoZm2Ydm2Ydm2Ydm-370VzjBIV_XDw-pu24307Kxyi1ZLio0efHh_eyd4U4-92EtJW_u7iKhrX_n948KTUx7_6oYDgtmb63bAdtcLfKsmHXbdvPQ795bZkdPbkKTMQ!!/dz/d5/L2dBISEvZ0FBIS9nQSEh/#.YCXToY9Kjer"
"Ontario",262,"ON262","https://www.myhealthunit.ca/en/health-topics/coronavirus.asp"
"Ontario",264,"ON264","https://www.publichealthgreybruce.on.ca/"
"Ontario",265,"ON265","https://www.york.ca/wps/portal/yorkhome/health/yr/covid-19/covid19inyorkregion/01covid19inyorkregion/!ut/p/z1/tZVNU8IwEIZ_iweOnWzSQpJjrEhbpSDKVy9MLaWN0hZrBPn3Bged8RMdTQ9pktl9s3lm5w2K0ARFZbyWWaxkVcZLvZ5GrZkvOr7nnUHQc5gLAnoiIJRBm2M0fg6ALz4BKPpJ_mtA55I54I8CKka4B45vH8ofoQhFq0TO0ZTYKWUJZxaFZmI5cdKyOL6e64EvmpwvYq7jdXRSqpXK0XRbz5KqVGmpGrCt6lu9uFdSPTxv5FWR6jGNlypvQFKt5dzCfD_DXJa7jDrNNKYGAP5k-_3VPtYefU9uvCtWhxDitDzsQgBej4F_SvvNE-ZhOCP7gO_ov-X3Ee9UF0m_LHJA0Hgt0w0allVd6H64_CVuD_YnUOYKT3SgD1dDChdt6rDWebd_PsB_POHABQzL20blKZiVJ2bl_wdO4IOLxa557bYNgvguO7YDFoZm2Ydm2Ydm2Ydm-370VzjBIV_XDw-pu24307Kxyi1ZLio0efHh_eyd4U4-92EtJW_u7iKhrX_n948KTUx7_6oYDgtmb63bAdtcLfKsmHXbdvPQ795bZkdPbkKTMQ!!/dz/d5/L2dBISEvZ0FBIS9nQSEh/#.YDgfwOhKi72"
"Ontario",274,"ON274","https://www.york.ca/wps/portal/yorkhome/health/yr/covid-19/covid19inyorkregion/!ut/p/z1/jY_NDoIwEISfxQcg3dYK5dig0hYJJkbFXgzxBxuVEkJI9OltDBcPonvaTb6ZnUEa5UhXRWfKojW2Km7u3ml_L3kshUhAZZRFwCHjigQMZiFG2zcAX4YD0v_oBwA9bK9-PXANSJNGaYl0XbQXz1Rni_KD7czRw2G_4dBUD9tcm1PpertQ-tM2XjEKcqMCvsEZUDnuAUKoL3AECkTGQM6D5WTKBIaE9MBA8vq-zp8LAUby0QtFxQ52/dz/d5/L2dBISEvZ0FBIS9nQSEh/#.YEKuNC0ZMxc"
"Ontario",289,"ON289","https://www.york.ca/wps/portal/yorkhome/health/yr/covid-19/covid19inyorkregion/01covid19inyorkregion/!ut/p/z1/tZVNU8IwEIZ_iweOnWzSQpJjrEhbpSDKVy9MLaWN0hZrBPn3Bged8RMdTQ9pktl9s3lm5w2K0ARFZbyWWaxkVcZLvZ5GrZkvOr7nnUHQc5gLAnoiIJRBm2M0fg6ALz4BKPpJ_mtA55I54I8CKka4B45vH8ofoQhFq0TO0ZTYKWUJZxaFZmI5cdKyOL6e64EvmpwvYq7jdXRSqpXK0XRbz5KqVGmpGrCt6lu9uFdSPTxv5FWR6jGNlypvQFKt5dzCfD_DXJa7jDrNNKYGAP5k-_3VPtYefU9uvCtWhxDitDzsQgBej4F_SvvNE-ZhOCP7gO_ov-X3Ee9UF0m_LHJA0Hgt0w0allVd6H64_CVuD_YnUOYKT3SgD1dDChdt6rDWebd_PsB_POHABQzL20blKZiVJ2bl_wdO4IOLxa557bYNgvguO7YDFoZm2Ydm2Ydm2Ydm-370VzjBIV_XDw-pu24307Kxyi1ZLio0efHh_eyd4U4-92EtJW_u7iKhrX_n948KTUx7_6oYDgtmb63bAdtcLfKsmHXbdvPQ795bZkdPbkKTMQ!!/dz/d5/L2dBISEvZ0FBIS9nQSEh/#.YE0_551Ki71"
"Ontario",290,"ON290","https://www.york.ca/wps/portal/yorkhome/health/yr/covid-19/covid19inyorkregion/01covid19inyorkregion/!ut/p/z1/tZVNU8IwEIZ_iweOnWzSQpJjrEhbpSDKVy9MLaWN0hZrBPn3Bged8RMdTQ9pktl9s3lm5w2K0ARFZbyWWaxkVcZLvZ5GrZkvOr7nnUHQc5gLAnoiIJRBm2M0fg6ALz4BKPpJ_mtA55I54I8CKka4B45vH8ofoQhFq0TO0ZTYKWUJZxaFZmI5cdKyOL6e64EvmpwvYq7jdXRSqpXK0XRbz5KqVGmpGrCt6lu9uFdSPTxv5FWR6jGNlypvQFKt5dzCfD_DXJa7jDrNNKYGAP5k-_3VPtYefU9uvCtWhxDitDzsQgBej4F_SvvNE-ZhOCP7gO_ov-X3Ee9UF0m_LHJA0Hgt0w0allVd6H64_CVuD_YnUOYKT3SgD1dDChdt6rDWebd_PsB_POHABQzL20blKZiVJ2bl_wdO4IOLxa557bYNgvguO7YDFoZm2Ydm2Ydm2Ydm-370VzjBIV_XDw-pu24307Kxyi1ZLio0efHh_eyd4U4-92EtJW_u7iKhrX_n948KTUx7_6oYDgtmb63bAdtcLfKsmHXbdvPQ795bZkdPbkKTMQ!!/dz/d5/L2dBISEvZ0FBIS9nQSEh/#.YE56rZ1Ki72"
"Quebec",1,"QC1","https://globalnews.ca/news/6705211/granddaughter-quebec-covid-19-victim-plea-social-media/"
"Quebec",2,"QC2","https://montreal.ctvnews.ca/quebec-premier-announces-all-shopping-malls-closed-38-new-covid-19-cases-1.4863412"
"Quebec",3,"QC3","https://www.quebec.ca/en/health/health-issues/a-z/2019-coronavirus/situation-coronavirus-in-quebec/"
"Quebec",4,"QC4","https://www.quebec.ca/en/health/health-issues/a-z/2019-coronavirus/situation-coronavirus-in-quebec/#c47900"
"Quebec",5,"QC5","https://www.cbc.ca/news/canada/montreal/covid19-march25-1.5509179"
"Quebec",6,"QC6","https://montreal.ctvnews.ca/confirmed-cases-of-covid-19-in-quebec-jump-to-more-than-1-600-two-new-deaths-reported-1.4869462"
"Quebec",7,"QC7","https://montreal.ctvnews.ca/18-people-have-now-died-of-covid-19-in-quebec-as-confirmed-cases-jump-above-2-000-1.4871166"
"Quebec",8,"QC8","https://www.msss.gouv.qc.ca/professionnels/maladies-infectieuses/coronavirus-2019-ncov/"
"Quebec",9,"QC9","https://montreal.ctvnews.ca/3-more-deaths-from-covid-19-in-quebec-bringing-death-toll-to-25-positive-cases-in-province-reach-3-430-1.4874330"
"Quebec",10,"QC10","https://montreal.ctvnews.ca/quebec-could-run-out-of-key-medical-supplies-needed-to-fight-covid-19-in-3-to-7-days-premier-warns-1.4875986"
"Quebec",11,"QC11","https://msss.gouv.qc.ca/professionnels/maladies-infectieuses/coronavirus-2019-ncov/"
"Quebec",12,"QC12","http://www.cisss-lanaudiere.gouv.qc.ca/fileadmin/internet/cisss_lanaudiere/Documentation/Communiques/2020/04-_Avril/CP_COVID-19_Etat_situation_Lanaudiere-02-04-2020.pdf"
"Quebec",13,"QC13","https://www.quebec.ca/sante/problemes-de-sante/a-z/coronavirus-2019/situation-coronavirus-quebec/"
"Quebec",14,"QC14","https://www.quebec.ca/sante/problemes-de-sante/a-z/coronavirus-2019/situation-coronavirus-quebec/#c51880"
"Quebec",15,"QC15","https://www.inspq.qc.ca/covid-19/donnees/details"
"Quebec",16,"QC16","https://www.inspq.qc.ca/covid-19/donnees/regions"
"Quebec",17,"QC17","https://www.quebec.ca/en/health/health-issues/a-z/2019-coronavirus/situation-coronavirus-in-quebec/#c63033"
"Quebec",18,"QC18","https://www.quebec.ca/en/health/health-issues/a-z/2019-coronavirus/situation-coronavirus-in-quebec/#c63034"
"Quebec",215,"QC215","https://www.quebec.ca/sante/problemes-de-sante/a-z/coronavirus-2019/situation-coronavirus-quebec/#c63029"
"Quebec",247,"QC247","https://www.quebec.ca/sante/problemes-de-sante/a-z/coronavirus-2019/situation-coronavirus-quebec/#c63030"
"Quebec",248,"QC248","https://www.quebec.ca/sante/problemes-de-sante/a-z/coronavirus-2019/situation-coronavirus-quebec/#c63031"
"Quebec",249,"QC249","https://www.quebec.ca/sante/problemes-de-sante/a-z/coronavirus-2019/situation-coronavirus-quebec/#c63032"
"Quebec",250,"QC250","https://www.quebec.ca/sante/problemes-de-sante/a-z/coronavirus-2019/situation-coronavirus-quebec/#c63033"
"Quebec",251,"QC251","https://www.quebec.ca/sante/problemes-de-sante/a-z/coronavirus-2019/situation-coronavirus-quebec/#c63034"
"Quebec",252,"QC252","https://www.quebec.ca/sante/problemes-de-sante/a-z/coronavirus-2019/situation-coronavirus-quebec/#c63035"
"Quebec",253,"QC253","https://www.quebec.ca/sante/problemes-de-sante/a-z/coronavirus-2019/situation-coronavirus-quebec/#c63036"
"Quebec",254,"QC254","https://www.quebec.ca/sante/problemes-de-sante/a-z/coronavirus-2019/situation-coronavirus-quebec/#c63037"
"Quebec",255,"QC255","https://www.quebec.ca/sante/problemes-de-sante/a-z/coronavirus-2019/situation-coronavirus-quebec/#c63038"
"Quebec",256,"QC256","https://www.quebec.ca/sante/problemes-de-sante/a-z/coronavirus-2019/situation-coronavirus-quebec/#c63039"
"Quebec",257,"QC257","https://www.quebec.ca/sante/problemes-de-sante/a-z/coronavirus-2019/situation-coronavirus-quebec/#c63040"
"Quebec",258,"QC258","https://www.quebec.ca/sante/problemes-de-sante/a-z/coronavirus-2019/situation-coronavirus-quebec/#c63041"
"Quebec",259,"QC259","https://www.quebec.ca/sante/problemes-de-sante/a-z/coronavirus-2019/situation-coronavirus-quebec/#c63042"
"Quebec",260,"QC260","https://www.quebec.ca/sante/problemes-de-sante/a-z/coronavirus-2019/situation-coronavirus-quebec/#c63043"
"Quebec",275,"QC275","https://www.quebec.ca/en/health/health-issues/a-z/2019-coronavirus/situation-coronavirus-in-quebec/#c63035"
"Quebec",276,"QC276","https://www.quebec.ca/en/health/health-issues/a-z/2019-coronavirus/situation-coronavirus-in-quebec/#c63036"
"Quebec",277,"QC277","https://www.quebec.ca/en/health/health-issues/a-z/2019-coronavirus/situation-coronavirus-in-quebec/#c63037"
"Quebec",278,"QC278","https://www.quebec.ca/en/health/health-issues/a-z/2019-coronavirus/situation-coronavirus-in-quebec/#c63038"
"Quebec",279,"QC279","https://www.quebec.ca/en/health/health-issues/a-z/2019-coronavirus/situation-coronavirus-in-quebec/#c63039"
"Quebec",280,"QC280","https://www.quebec.ca/en/health/health-issues/a-z/2019-coronavirus/situation-coronavirus-in-quebec/#c63040"
"Quebec",281,"QC281","https://www.quebec.ca/en/health/health-issues/a-z/2019-coronavirus/situation-coronavirus-in-quebec/#c63041"
"Quebec",282,"QC282","https://www.quebec.ca/en/health/health-issues/a-z/2019-coronavirus/situation-coronavirus-in-quebec/#c63042"
"Saskatchewan",1,"SK1","https://regina.ctvnews.ca/first-2-deaths-from-covid-19-in-sask-20-new-cases-1.4874009"
"Saskatchewan",2,"SK2","https://www.saskatchewan.ca/government/news-and-media/2020/april/01/covid-19-update-april-1"
"Saskatchewan",3,"SK3","https://regina.ctvnews.ca/1-new-covid-19-related-death-in-sask-4-new-cases-announced-1.4892310"
"Saskatchewan",4,"SK4","https://www.saskatchewan.ca/government/health-care-administration-and-provider-resources/treatment-procedures-and-guidelines/emerging-public-health-issues/2019-novel-coronavirus/cases-and-risk-of-covid-19-in-saskatchewan"
"Saskatchewan",5,"SK5","https://www.saskatchewan.ca/government/news-and-media/2020/may/20/covid-19-update-may-20"
"Saskatchewan",6,"SK6","https://regina.ctvnews.ca/sask-reports-8th-covid-19-death-zero-new-cases-1.4954893#_gus&_gucid=&_gup=twitter&_gsc=cGuqmKO"
"Saskatchewan",7,"SK7","https://dashboard.saskatchewan.ca/health-wellness/covid-19/cases#cumulative-cases-tab"
"Saskatchewan",8,"SK8","https://dashboard.saskatchewan.ca/health-wellness/covid-19/cases"
"Saskatchewan",9,"SK9","https://regina.ctvnews.ca/15th-sask-covid-19-death-person-in-their-20s-1.5013746"
"Saskatchewan",10,"SK10","https://regina.ctvnews.ca/sask-reports-17th-covid-19-death-9-new-cases-1.5042043"
"Saskatchewan",11,"SK11","https://globalnews.ca/news/7236194/coronavirus-covid-19-saskatchewan-update-july-30/"
"Saskatchewan",12,"SK12","https://dashboard.saskatchewan.ca/health-wellness/covid-19/cases#new-cases-tab"
"Saskatchewan",13,"SK13","https://regina.ctvnews.ca/sask-reports-one-new-death-no-new-cases-of-covid-19-1.5078270"
"Saskatchewan",14,"SK14","https://regina.ctvnews.ca/1-new-covid-19-death-reported-in-sask-active-cases-drop-to-60-1.5079844"
"Saskatchewan",15,"SK15","https://twitter.com/SKGov/status/1325165677557080067?ref_src=twsrc%5Egoogle%7Ctwcamp%5Eserp%7Ctwgr%5Etweet"
"Saskatchewan",16,"SK16","https://twitter.com/SKGov"
"Saskatchewan",17,"SK17","https://regina.ctvnews.ca/sask-reports-32nd-covid-19-death-132-new-cases-1.5193833"
"Saskatchewan",18,"SK18","https://regina.ctvnews.ca/3-deaths-related-to-covid-19-in-sask-299-new-cases-reported-1.5205416"
"Saskatchewan",173,"SK173","https://www.saskatchewan.ca/government/news-and-media/2020/december/19/covid19-update-eight-deaths-252-new-cases-127-in-hospital-218-recoveries"
"Saskatchewan",180,"SK180","https://www.cbc.ca/news/canada/saskatchewan/covid-sask-update-dec-24-1.5854661"
"Saskatchewan",182,"SK182","https://www.saskatchewan.ca/government/news-and-media/2020/december/29/covid19-update-10-deaths-208-new-cases-175-in-hospital-405-recoveries"
"Saskatchewan",186,"SK186","https://globalnews.ca/news/7549265/coronavirus-deaths-cases-covid-19-saskatchewan-dec-31/"
"Saskatchewan",187,"SK187","https://regina.ctvnews.ca/3-more-covid-19-deaths-reported-in-sask-485-new-cases-1.5251406"
"Saskatchewan",198,"SK198","https://regina.ctvnews.ca/2-new-covid-19-related-deaths-in-sask-286-new-cases-reported-1.5252633"
"Saskatchewan",199,"SK199","https://www.cbc.ca/news/canada/saskatchewan/covid-19-sask-tuesday-1.5862162"
"Saskatchewan",200,"SK200","https://dashboard.saskatchewan.ca/health-wellness"
"Saskatchewan",202,"SK202","https://regina.ctvnews.ca/7-more-sask-covid-19-deaths-reported-336-new-cases-1.5258868"
"Saskatchewan",203,"SK203","https://regina.ctvnews.ca/sask-reports-7-more-covid-19-deaths-332-new-cases-1.5260509"
"Saskatchewan",208,"SK208","https://www.saskatchewan.ca/government/news-and-media/2021/january/13/covid19-update-for-january-13-10400-vaccines-delivered-247-new-cases-249-new-recoveries-two-new-deat#:~:text=Two%20Saskatchewan%20residents%20who%20tested,reported%20in%20the%20Saskatoon%20zone.&text=Thirty%2Dsix%20people%20are%20in,%2C%20and%20Regina%20(10)."
"Saskatchewan",213,"SK213","https://regina.ctvnews.ca/6-more-covid-19-deaths-309-new-cases-reported-in-sask-1.5272689"
"Saskatchewan",214,"SK214","https://globalnews.ca/news/7588564/coronavirus-covid-19-cases-saskatchewan-jan-20-update/"
"Saskatchewan",215,"SK215","https://www.saskatchewan.ca/government/news-and-media/2021/january/21/covid19-update-for-january-21-29781-vaccines-delivered-227-new-cases-816-new-recoveries-13-new-death"
"Saskatchewan",216,"SK216","https://www.saskatchewan.ca/government/news-and-media/2021/january/22/covid19-update-for-january-22-31275-vaccines-delivered-312-new-cases-203-new-recoveries-eight-new-de"
"Saskatchewan",217,"SK217","https://globalnews.ca/news/7596438/coronavirus-covid-19-cases-saskatchewan-jan-24-update/"
"Saskatchewan",219,"SK219","https://globalnews.ca/news/7600620/coronavirus-covid-19-cases-saskatchewan-jan-26-update/"
"Saskatchewan",220,"SK220","https://www.saskatchewan.ca/government/news-and-media/2021/january/27/covid19-update-for-january-27-34615-vaccines-delivered-149-new-cases-532-new-recoveries-six-new-deat"
"Saskatchewan",221,"SK221","https://www.saskatchewan.ca/government/news-and-media/2021/january/28/covid19-update-for-january-28-34672-vaccines-delivered-244-new-cases-282-new-recoveries-11-new-death"
"Saskatchewan",222,"SK222","https://www.saskatchewan.ca/government/news-and-media/2021/january/29/covid19-update-for-january-29-35091-vaccines-delivered-328-new-cases-300-new-recoveries-seven-new-de"
"Saskatchewan",223,"SK223","https://www.saskatchewan.ca/government/news-and-media/2021/january/30/covid19-update-for-january-30-35239-vaccines-delivered-258-new-cases-228-new-recoveries-eight-new-de"
"Saskatchewan",224,"SK224","https://www.saskatchewan.ca/government/news-and-media/2021/january/31/covid19-update-for-january-31-35359-vaccines-delivered-238-new-cases-223-recoveries-four-deaths"
"Saskatchewan",226,"SK226","https://www.saskatchewan.ca/government/news-and-media/2021/february/01/covid19-update-for-february-1-35447-vaccines-delivered-147-new-cases-310-recoveries-two-deaths"
"Saskatchewan",227,"SK227","https://www.saskatchewan.ca/government/news-and-media/2021/february/02/covid19-update-for-february-2-35575-vaccines-delivered-223-new-cases-266-recoveries-eight-deaths"
"Saskatchewan",228,"SK228","https://www.saskatchewan.ca/government/news-and-media/2021/february/03/covid19-update-for-february-3-35763-vaccines-delivered-194-new-cases-252-recoveries-eight-deaths"
"Saskatchewan",229,"SK229","https://www.saskatchewan.ca/government/news-and-media/2021/february/04/covid19-update-for-february-4-36527-vaccines-delivered-250-new-cases-232-recoveries-seven-deaths"
"Saskatchewan",230,"SK230","https://www.saskatchewan.ca/government/news-and-media/2021/february/05/covid19-update-for-february-5-38710-vaccines-delivered-269-new-cases-229-recoveries-three-deaths"
"Saskatchewan",231,"SK231","https://www.saskatchewan.ca/government/news-and-media/2021/february/06/covid19-update-for-february-6-41254-vaccines-delivered-264-new-cases-145-recoveries-four-deaths"
"Saskatchewan",232,"SK232","https://www.saskatchewan.ca/government/news-and-media/2021/february/07/covid19-update-for-february-7-42296-vaccines-delivered-194-new-cases-241-recoveries-three-deaths"
"Saskatchewan",233,"SK233","https://www.saskatchewan.ca/government/news-and-media/2021/february/08/covid19-update-for-february-8-42987-vaccines-delivered-171-new-cases-328-recoveries-two-deaths"
"Saskatchewan",234,"SK234","https://www.saskatchewan.ca/government/news-and-media/2021/february/09/covid19-update-for-february-9-44521-vaccines-delivered-80-new-cases-253-recoveries-5-deaths"
"Saskatchewan",235,"SK235","https://www.saskatchewan.ca/government/news-and-media/2021/february/10/covid19-update-for-february-10-45371-vaccines-delivered-180-new-cases-245-recoveries-two-deaths"
"Saskatchewan",238,"SK238","https://www.saskatchewan.ca/government/news-and-media/2021/february/12/covid19-update-for-february-12-46788-vaccines-delivered-195-new-cases-256-recoveries-two-deaths"
"Saskatchewan",239,"SK239","https://www.saskatchewan.ca/government/news-and-media/2021/february/13/covid19-update-for-february-13-48566-vaccines-delivered-244-new-cases-190-recoveries-four-deaths"
"Saskatchewan",242,"SK242","https://www.saskatchewan.ca/government/news-and-media/2021/february/16/covid19-update-for-february-16-49841-vaccines-delivered-136-new-cases-529-recoveries-three-deaths"
"Saskatchewan",243,"SK243","https://www.saskatchewan.ca/government/news-and-media/2021/february/17/covid19-update-for-february-17-50326-vaccines-delivered-124-new-cases-189-recoveries-five-deaths"
"Saskatchewan",245,"SK245","https://www.saskatchewan.ca/government/news-and-media/2021/february/19/covid19-update-for-february-19-53030-vaccines-delivered-146-new-cases-227-recoveries-three-new-death"
"Saskatchewan",246,"SK246","https://www.saskatchewan.ca/government/news-and-media/2021/february/20/covid19-update-for-february-20-57824-vaccines-delivered-193-new-cases-170-recoveries-three-new-death"
"Saskatchewan",247,"SK247","https://www.saskatchewan.ca/government/news-and-media/2021/february/21/covid19-update-for-february-21-60743-vaccines-delivered-182-new-cases-110-recoveries-four-new-deaths"
"Saskatchewan",262,"SK262","https://www.saskatchewan.ca/government/news-and-media/2021/february/22/more-than-80-per-cent-of-longterm-care-residents-have-received-first-vaccine-dose-covid19-update-for"
"Saskatchewan",263,"SK263","https://www.saskatchewan.ca/government/news-and-media/2021/february/24/covid19-update-for-february-24-63345-vaccines-delivered-56-new-cases-158-recoveries-three-new-deaths"
"Saskatchewan",264,"SK264","https://www.saskatchewan.ca/government/news-and-media/2021/february/25/covid19-update-for-february-25-63436-vaccines-delivered-211-new-cases-142-recoveries-one-new-death"
"Saskatchewan",267,"SK267","https://www.saskatchewan.ca/government/news-and-media/2021/february/27/covid19-update-for-february-27-75501-vaccines-delivered-162-new-cases-119-recoveries-five-new-deaths"
"Saskatchewan",270,"SK270","https://www.saskatchewan.ca/government/news-and-media/2021/march/02/covid19-update-for-march-2-80236-vaccines-delivered-134-new-cases-194-recoveries-two-new-deaths"
"Saskatchewan",271,"SK271","https://www.saskatchewan.ca/government/news-and-media/2021/march/03/covid19-update-for-march-3-81597-vaccines-delivered-121-new-cases-180-recoveries-two-new-deaths"
"Saskatchewan",273,"SK273","https://www.saskatchewan.ca/government/news-and-media/2021/march/04/covid19-update-for-march-4-84090-vaccines-delivered-169-new-cases-168-recoveries-two-new-deaths"
"Saskatchewan",274,"SK274","https://www.saskatchewan.ca/government/news-and-media/2021/march/05/covid19-update-for-march-5-86879-vaccines-delivered-207-new-cases-125-recoveries-two-new-deaths"
"Saskatchewan",275,"SK275","https://www.saskatchewan.ca/government/news-and-media/2021/march/06/covid19-update-for-march-6-90456-vaccines-administered-163-new-cases-52-recoveries-three-new-deaths"
"Saskatchewan",283,"SK283","https://www.saskatchewan.ca/government/news-and-media/2021/march/07/covid19-update-for-march-7-91884-vaccines-administered-116-new-cases-209-recoveries-two-new-deaths"
"Saskatchewan",284,"SK284","https://www.saskatchewan.ca/government/news-and-media/2021/march/08/covid19-update-for-march-8-92776-vaccines-administered-97-new-cases-151-recoveries-one-new-death"
"Saskatchewan",285,"SK285","https://www.saskatchewan.ca/government/news-and-media/2021/march/09/covid19-update-for-march-9-93512-vaccines-administered-113-new-cases-160-recoveries-one-new-death"
"Saskatchewan",286,"SK286","https://www.saskatchewan.ca/government/news-and-media/2021/march/10/covid19-update-for-march-10-94386-vaccines-administered-111-new-cases-140-recoveries-one-new-death"
"Saskatchewan",288,"SK288","https://www.saskatchewan.ca/government/news-and-media/2021/march/12/covid19-update-for-march-12-98571-vaccines-administered-176-new-cases-131-recoveries-three-new-death"
"Saskatchewan",289,"SK289","https://www.saskatchewan.ca/government/news-and-media/2021/march/13/covid19-update-for-march-13-vaccines-administered-surpasses-100000-milestone-153-new-cases-120-recov"
"Saskatchewan",290,"SK290","https://www.saskatchewan.ca/government/news-and-media/2021/march/14/covid19-update-for-march-14-102415-vaccines-administered-98-new-cases-166-recoveries-two-new-deaths"
"Yukon",1,"YT1","https://yukon.ca/en/news/first-covid-19-related-death-yukon"
